Date,hash-rate,market-price
2009-01-10T00:00:00,1.0652200634920637e-07,0
2009-01-14T00:00:00,2.521020816931218e-06,0
2009-01-18T00:00:00,5.58885459978836e-06,0
2009-01-22T00:00:00,5.681173671957674e-06,0
2009-01-26T00:00:00,6.270595440423281e-06,0
2009-01-30T00:00:00,6.4197262493121684e-06,0
2009-02-03T00:00:00,5.8303044808465595e-06,0
2009-02-07T00:00:00,6.256392506243385e-06,0
2009-02-11T00:00:00,6.306102775873014e-06,0
2009-02-15T00:00:00,6.4126247822222205e-06,0
2009-02-19T00:00:00,6.178276368253967e-06,0
2009-02-23T00:00:00,5.972333822645502e-06,0
2009-02-27T00:00:00,5.539144330158728e-06,0
2009-03-03T00:00:00,5.318998850370366e-06,0
2009-03-07T00:00:00,5.31189738328042e-06,0
2009-03-11T00:00:00,5.475231126349206e-06,0
2009-03-15T00:00:00,5.581753132698413e-06,0
2009-03-19T00:00:00,5.7805942112169315e-06,0
2009-03-23T00:00:00,5.446825257989416e-06,0
2009-03-27T00:00:00,5.368709119999998e-06,0
2009-03-31T00:00:00,5.681173671957671e-06,0
2009-04-04T00:00:00,5.745086875767196e-06,0
2009-04-08T00:00:00,5.652767803597883e-06,0
2009-04-12T00:00:00,5.475231126349203e-06,0
2009-04-16T00:00:00,5.631463402328041e-06,0
2009-04-20T00:00:00,5.9155220859259255e-06,0
2009-04-24T00:00:00,5.65986927068783e-06,0
2009-04-28T00:00:00,5.489434060529098e-06,0
2009-05-02T00:00:00,5.901319151746028e-06,0
2009-05-06T00:00:00,6.1711749011640176e-06,0
2009-05-10T00:00:00,5.958130888465606e-06,0
2009-05-14T00:00:00,5.375810587089946e-06,0
2009-05-18T00:00:00,6.22088517079365e-06,0
2009-05-22T00:00:00,5.6740722048677226e-06,0
2009-05-26T00:00:00,4.1969670501587275e-06,0
2009-05-30T00:00:00,4.7082726806349176e-06,0
2009-06-03T00:00:00,5.098853370582007e-06,0
2009-06-07T00:00:00,3.5365306107936477e-06,0
2009-06-11T00:00:00,2.6488472245502603e-06,0
2009-06-15T00:00:00,4.097546510899466e-06,0
2009-06-19T00:00:00,3.891603965291e-06,0
2009-06-23T00:00:00,3.955517169100525e-06,0
2009-06-27T00:00:00,3.998125971640207e-06,0
2009-07-01T00:00:00,3.884502498201055e-06,0
2009-07-05T00:00:00,3.841893695661372e-06,0
2009-07-09T00:00:00,3.955517169100526e-06,0
2009-07-13T00:00:00,3.948415702010579e-06,0
2009-07-17T00:00:00,3.586240880423275e-06,0
2009-07-21T00:00:00,2.712760428359783e-06,0
2009-07-25T00:00:00,2.94000737523809e-06,0
2009-07-29T00:00:00,2.726963362539678e-06,0
2009-08-02T00:00:00,1.4344963521693078e-06,0
2009-08-06T00:00:00,1.725656502857139e-06,0
2009-08-10T00:00:00,3.6501540842327982e-06,0
2009-08-14T00:00:00,3.9200098336507866e-06,0
2009-08-18T00:00:00,2.535223751111106e-06,0
2009-08-22T00:00:00,9.942053925925879e-07,0
2009-08-26T00:00:00,9.800024584126935e-07,0
2009-08-30T00:00:00,2.0878313244444397e-06,0
2009-09-03T00:00:00,3.6075452816931173e-06,0
2009-09-07T00:00:00,3.6004438146031685e-06,0
2009-09-11T00:00:00,3.330588065185181e-06,0
2009-09-15T00:00:00,3.3731968677248628e-06,0
2009-09-19T00:00:00,3.55073354497354e-06,0
2009-09-23T00:00:00,3.4087042031745982e-06,0
2009-09-27T00:00:00,3.479718874074068e-06,0
2009-10-01T00:00:00,4.424213997037033e-06,0
2009-10-05T00:00:00,3.8134878273015835e-06,0
2009-10-09T00:00:00,2.9400073752380908e-06,0
2009-10-13T00:00:00,3.2524719271957626e-06,0
2009-10-17T00:00:00,3.3731968677248645e-06,0
2009-10-21T00:00:00,3.7992848931216898e-06,0
2009-10-25T00:00:00,4.296387589417985e-06,0
2009-10-29T00:00:00,3.664357018412695e-06,0
2009-11-02T00:00:00,2.7056589612698375e-06,0
2009-11-06T00:00:00,2.4997164156613717e-06,0
2009-11-10T00:00:00,3.1459499208465565e-06,0
2009-11-14T00:00:00,3.4868203411640137e-06,0
2009-11-18T00:00:00,4.111749445079357e-06,0
2009-11-22T00:00:00,4.246677319788354e-06,0
2009-11-26T00:00:00,4.367402260317453e-06,0
2009-11-30T00:00:00,4.062039175449729e-06,0
2009-12-04T00:00:00,3.7921834260317393e-06,0
2009-12-08T00:00:00,3.898705432380946e-06,0
2009-12-12T00:00:00,4.914215226243378e-06,0
2009-12-16T00:00:00,5.333201784550256e-06,0
2009-12-20T00:00:00,7.3287140368253865e-06,0
2009-12-24T00:00:00,9.0046602700529e-06,0
2009-12-28T00:00:00,8.074368081269836e-06,0
2010-01-01T00:00:00,8.159353166561084e-06,0
2010-01-05T00:00:00,8.792133081933148e-06,0
2010-01-09T00:00:00,9.727573007590926e-06,0
2010-01-13T00:00:00,9.602773288211253e-06,0
2010-01-17T00:00:00,9.867538674135241e-06,0
2010-01-21T00:00:00,8.71178443116339e-06,0
2010-01-25T00:00:00,9.388337902945232e-06,0
2010-01-29T00:00:00,1.1340670567432433e-05,0
2010-02-02T00:00:00,1.2505219902754361e-05,0
2010-02-06T00:00:00,1.4437982669527958e-05,0
2010-02-10T00:00:00,1.8253511800987963e-05,0
2010-02-14T00:00:00,1.7758225000473506e-05,0
2010-02-18T00:00:00,2.089426746828766e-05,0
2010-02-22T00:00:00,2.5777133035741302e-05,0
2010-02-26T00:00:00,2.919862733223875e-05,0
2010-03-02T00:00:00,3.2136238786405124e-05,0
2010-03-06T00:00:00,3.281304626383943e-05,0
2010-03-10T00:00:00,3.225786426891313e-05,0
2010-03-14T00:00:00,3.215699754351375e-05,0
2010-03-18T00:00:00,2.992491497488779e-05,0
2010-03-22T00:00:00,3.365748501476627e-05,0
2010-03-26T00:00:00,4.036906605316363e-05,0
2010-03-30T00:00:00,4.27935475017676e-05,0
2010-04-03T00:00:00,4.626985768574903e-05,0
2010-04-07T00:00:00,4.906230400788289e-05,0
2010-04-11T00:00:00,5.54026735154342e-05,0
2010-04-15T00:00:00,6.909629973343362e-05,0
2010-04-19T00:00:00,8.135442541261119e-05,0
2010-04-23T00:00:00,8.771246358593417e-05,0
2010-04-27T00:00:00,8.984578932482146e-05,0
2010-05-01T00:00:00,9.305558638205025e-05,0
2010-05-05T00:00:00,9.164743883699296e-05,0
2010-05-09T00:00:00,9.128756644995741e-05,0
2010-05-13T00:00:00,8.622940843783983e-05,0
2010-05-17T00:00:00,7.527964228700304e-05,0
2010-05-21T00:00:00,8.80284334807102e-05,0
2010-05-25T00:00:00,0.0001112930602828545,0
2010-05-29T00:00:00,0.00012097261185830104,0
2010-06-02T00:00:00,0.0001273691844300969,0
2010-06-06T00:00:00,0.00011778380113991104,0
2010-06-10T00:00:00,0.00012462895190756118,0
2010-06-14T00:00:00,0.00013249744261282291,0
2010-06-18T00:00:00,0.00013536161915508063,0
2010-06-22T00:00:00,0.00013911019252776282,0
2010-06-26T00:00:00,0.00014748884487770126,0
2010-06-30T00:00:00,0.00015615369737098626,0
2010-07-04T00:00:00,0.0001722531531414153,0
2010-07-08T00:00:00,0.0001839630601014567,0
2010-07-12T00:00:00,0.00019798927829751367,0
2010-07-16T00:00:00,0.0008051616205265382,0
2010-07-20T00:00:00,0.0020750055368120583,0
2010-07-24T00:00:00,0.0016592308952327556,0
2010-07-28T00:00:00,0.0019047134581419468,0
2010-08-01T00:00:00,0.0021424543545585837,0
2010-08-05T00:00:00,0.0025615199902460427,0
2010-08-09T00:00:00,0.002892421959144732,0
2010-08-13T00:00:00,0.0033161419996685475,0
2010-08-17T00:00:00,0.004221992663151155,0
2010-08-21T00:00:00,0.0041489626631502656,0.030000000000000002
2010-08-25T00:00:00,0.004524756924231334,0.07
2010-08-29T00:00:00,0.005418291540839471,0.07
2010-09-02T00:00:00,0.005249309735002596,0.06714285714285714
2010-09-06T00:00:00,0.0050998602007426815,0.06285714285714286
2010-09-10T00:00:00,0.00516848189200017,0.06
2010-09-14T00:00:00,0.005644936680612474,0.06
2010-09-18T00:00:00,0.006571161869090463,0.07714285714285714
2010-09-22T00:00:00,0.008104692096660834,0.07714285714285714
2010-09-26T00:00:00,0.009327179013800525,0.06
2010-09-30T00:00:00,0.010202540714949835,0.06
2010-10-04T00:00:00,0.009551749283206373,0.06
2010-10-08T00:00:00,0.009252118060100649,0.06
2010-10-12T00:00:00,0.010235389716285417,0.0842857142857143
2010-10-16T00:00:00,0.011497532356296775,0.11000000000000001
2010-10-20T00:00:00,0.01537384003262443,0.10571428571428573
2010-10-24T00:00:00,0.018528018405170016,0.1042857142857143
2010-10-28T00:00:00,0.021564086472219055,0.14000000000000004
2010-11-01T00:00:00,0.02465964315385044,0.1842857142857143
2010-11-05T00:00:00,0.027668030688423002,0.20714285714285716
2010-11-09T00:00:00,0.03271424298927175,0.2828571428571429
2010-11-13T00:00:00,0.04254216692981109,0.32
2010-11-17T00:00:00,0.04687248551095611,0.28
2010-11-21T00:00:00,0.05084660636450538,0.2871428571428572
2010-11-25T00:00:00,0.052604858198255965,0.2857142857142857
2010-11-29T00:00:00,0.05817671033545869,0.2842857142857143
2010-12-03T00:00:00,0.07052938374776765,0.2714285714285714
2010-12-07T00:00:00,0.08427217848460254,0.2514285714285714
2010-12-11T00:00:00,0.09399596625657478,0.23999999999999996
2010-12-15T00:00:00,0.09815636253892376,0.22999999999999995
2010-12-19T00:00:00,0.10310350010494204,0.23857142857142852
2010-12-23T00:00:00,0.1082182727188701,0.2571428571428571
2010-12-27T00:00:00,0.1091472433916311,0.25857142857142856
2010-12-31T00:00:00,0.11530471741606932,0.26857142857142857
2011-01-04T00:00:00,0.12421683933852974,0.2942857142857142
2011-01-08T00:00:00,0.12333099123374318,0.2999999999999999
2011-01-12T00:00:00,0.12900856701216218,0.3128571428571427
2011-01-16T00:00:00,0.13913796328580405,0.3599999999999999
2011-01-20T00:00:00,0.15299968457086247,0.39999999999999986
2011-01-24T00:00:00,0.15528810929240014,0.3971428571428571
2011-01-28T00:00:00,0.16157573309930326,0.42571428571428566
2011-02-01T00:00:00,0.16898194672150027,0.4428571428571429
2011-02-05T00:00:00,0.17883031067973956,0.6442857142857142
2011-02-09T00:00:00,0.1982361860102663,0.8785714285714284
2011-02-13T00:00:00,0.2303343538946883,0.9614285714285714
2011-02-17T00:00:00,0.2590261934781887,1.0585714285714285
2011-02-21T00:00:00,0.310610302619111,1.054285714285714
2011-02-25T00:00:00,0.37154831599081495,0.9642857142857141
2011-03-01T00:00:00,0.4685931451535433,0.9457142857142855
2011-03-05T00:00:00,0.5067330128758327,0.9642857142857141
2011-03-09T00:00:00,0.597677440155298,0.9328571428571425
2011-03-13T00:00:00,0.5726000381572202,0.9057142857142854
2011-03-17T00:00:00,0.47073905955011386,0.9042857142857139
2011-03-21T00:00:00,0.4669515038985613,0.8757142857142854
2011-03-25T00:00:00,0.5156486479899524,0.8257142857142854
2011-03-29T00:00:00,0.5420131393728452,0.8628571428571424
2011-04-02T00:00:00,0.5603809268072919,0.8457142857142852
2011-04-06T00:00:00,0.6225910471783813,0.7957142857142853
2011-04-10T00:00:00,0.6291453907593378,0.7728571428571425
2011-04-14T00:00:00,0.6824322869074056,0.7971428571428568
2011-04-18T00:00:00,0.6812627371440682,0.9485714285714282
2011-04-22T00:00:00,0.678108790258199,1.1228571428571426
2011-04-26T00:00:00,0.7469600475217185,1.3914285714285712
2011-04-30T00:00:00,0.8263122562575635,1.8842857142857146
2011-05-04T00:00:00,0.9579228944903947,3.0271428571428567
2011-05-08T00:00:00,1.100471024207542,3.6842857142857133
2011-05-12T00:00:00,1.2901019680834163,4.001428571428571
2011-05-16T00:00:00,1.5666916153910992,6.218571428571428
2011-05-20T00:00:00,1.9280031818972447,8.137142857142855
2011-05-24T00:00:00,2.598869617733605,7.452857142857141
2011-05-28T00:00:00,3.4701116355334487,7.462857142857142
2011-06-01T00:00:00,3.6176413542594257,8.535714285714283
2011-06-05T00:00:00,3.90047872908568,10.295714285714283
2011-06-09T00:00:00,4.94823695859516,16.335714285714282
2011-06-13T00:00:00,6.082953308363065,26.73285714285714
2011-06-17T00:00:00,7.705129377365814,26.315714285714282
2011-06-21T00:00:00,9.102005460594055,19.885714285714283
2011-06-25T00:00:00,11.019536832228633,16.962857142857143
2011-06-29T00:00:00,11.576946991870843,16.7
2011-07-03T00:00:00,11.567054890406988,17.45428571428571
2011-07-07T00:00:00,11.429934849369147,16.379999999999995
2011-07-11T00:00:00,11.106488198983916,15.705714285714281
2011-07-15T00:00:00,11.976675433217062,15.148571428571426
2011-07-19T00:00:00,12.465066275720805,14.299999999999999
2011-07-23T00:00:00,12.45482359540666,14.092857142857143
2011-07-27T00:00:00,13.064530896921976,14.168571428571429
2011-07-31T00:00:00,13.953111123367032,14.134285714285715
2011-08-04T00:00:00,14.232809239908475,13.912857142857147
2011-08-08T00:00:00,13.480222411134246,12.545714285714288
2011-08-12T00:00:00,12.796151423106526,10.754285714285718
2011-08-16T00:00:00,12.943696146014487,10.584285714285716
2011-08-20T00:00:00,12.506918632592145,11.127142857142859
2011-08-24T00:00:00,13.566866316145445,11.582857142857142
2011-08-28T00:00:00,13.27193443970749,11.20142857142857
2011-09-01T00:00:00,12.254607779022535,9.901428571428571
2011-09-05T00:00:00,12.528838357420463,8.937142857142858
2011-09-09T00:00:00,12.700555819144848,8.242857142857144
2011-09-13T00:00:00,12.283937188894544,7.320000000000002
2011-09-17T00:00:00,12.216325946712958,6.448571428571431
2011-09-21T00:00:00,12.179374952927116,5.560000000000002
2011-09-25T00:00:00,12.266637618915317,5.771428571428574
2011-09-29T00:00:00,11.91758695496246,5.610000000000004
2011-10-03T00:00:00,11.347533030673414,5.2100000000000035
2011-10-07T00:00:00,11.037012463908729,5.111428571428576
2011-10-11T00:00:00,10.773083904989178,4.812857142857148
2011-10-15T00:00:00,9.82534044341441,4.387142857142862
2011-10-19T00:00:00,9.369762288651303,4.045714285714292
2011-10-23T00:00:00,8.653863451656225,3.172857142857148
2011-10-27T00:00:00,8.361925889431673,2.9614285714285766
2011-10-31T00:00:00,8.288941498875534,3.238571428571434
2011-11-04T00:00:00,8.367635778166152,3.4314285714285773
2011-11-08T00:00:00,8.512159883134881,3.2671428571428622
2011-11-12T00:00:00,8.546345264191645,3.1114285714285765
2011-11-16T00:00:00,8.763626505807338,3.0642857142857194
2011-11-20T00:00:00,8.439707497531762,2.761428571428577
2011-11-24T00:00:00,7.909563614308019,2.425714285714292
2011-11-28T00:00:00,7.4861394379532,2.4371428571428635
2011-12-02T00:00:00,7.932839134788684,2.6685714285714357
2011-12-06T00:00:00,8.419331418725472,2.9971428571428644
2011-12-10T00:00:00,8.194931033742987,3.0600000000000067
2011-12-14T00:00:00,7.9362833840583695,3.1571428571428632
2011-12-18T00:00:00,7.623887973314068,3.2571428571428633
2011-12-22T00:00:00,8.046619848660997,3.511428571428578
2011-12-26T00:00:00,8.505957984772126,3.961428571428577
2011-12-30T00:00:00,8.866057348138012,4.131428571428577
2012-01-03T00:00:00,8.558451996094558,4.522857142857148
2012-01-07T00:00:00,9.019735260561635,5.428571428571433
2012-01-11T00:00:00,9.423684517271226,6.618571428571435
2012-01-15T00:00:00,9.400122750309508,7.032857142857151
2012-01-19T00:00:00,9.37961895864113,6.978571428571435
2012-01-23T00:00:00,9.298980483817203,6.770000000000005
2012-01-27T00:00:00,9.51143765959493,6.460000000000005
2012-01-31T00:00:00,9.686121881783322,6.087142857142863
2012-02-04T00:00:00,10.215468906962277,5.770000000000006
2012-02-08T00:00:00,10.043684624480733,5.914285714285721
2012-02-12T00:00:00,9.679950634686362,5.86142857142858
2012-02-16T00:00:00,9.934686177704434,5.787142857142864
2012-02-20T00:00:00,10.068121837115793,5.097142857142865
2012-02-24T00:00:00,10.494780658121597,4.5528571428571505
2012-02-28T00:00:00,10.506797655805778,4.831428571428579
2012-03-03T00:00:00,10.884667520298612,5.0300000000000065
2012-03-07T00:00:00,10.380180397562624,4.944285714285719
2012-03-11T00:00:00,11.204804415183506,4.974285714285719
2012-03-15T00:00:00,11.555618974672168,5.058571428571433
2012-03-19T00:00:00,11.262359104582533,5.308571428571433
2012-03-23T00:00:00,11.650896478911182,5.23571428571429
2012-03-27T00:00:00,11.565775774042418,4.880000000000005
2012-03-31T00:00:00,11.82900503977281,4.778571428571433
2012-04-04T00:00:00,11.590909036432338,4.900000000000006
2012-04-08T00:00:00,10.62684273628064,4.977142857142864
2012-04-12T00:00:00,11.054226628935412,4.904285714285721
2012-04-16T00:00:00,10.85504496935859,4.912857142857149
2012-04-20T00:00:00,10.409910140375459,5.02428571428572
2012-04-24T00:00:00,11.418405202413993,5.200000000000007
2012-04-28T00:00:00,11.03741817897722,5.244285714285721
2012-05-02T00:00:00,11.861743226742549,5.107142857142863
2012-05-06T00:00:00,12.266613895083912,5.09285714285715
2012-05-10T00:00:00,12.79604295144197,5.135714285714293
2012-05-14T00:00:00,12.440433651038498,5.074285714285722
2012-05-18T00:00:00,11.028251243200405,5.05285714285715
2012-05-22T00:00:00,11.385192410670077,5.11285714285715
2012-05-26T00:00:00,11.071174794464062,5.15428571428572
2012-05-30T00:00:00,10.935916830795733,5.161428571428577
2012-06-03T00:00:00,11.423255110468626,5.1828571428571495
2012-06-07T00:00:00,12.055997233303685,5.290000000000006
2012-06-11T00:00:00,12.037097903264025,5.497142857142863
2012-06-15T00:00:00,12.229316411827556,5.687142857142862
2012-06-19T00:00:00,12.221016409317544,6.094285714285719
2012-06-23T00:00:00,12.334991206213417,6.55571428571429
2012-06-27T00:00:00,12.285677909913117,6.637142857142862
2012-07-01T00:00:00,12.506378710690003,6.578571428571435
2012-07-05T00:00:00,12.534480552513617,6.682857142857148
2012-07-09T00:00:00,13.36640779497429,6.721428571428577
2012-07-13T00:00:00,13.445366378383488,6.950000000000007
2012-07-17T00:00:00,13.010039992404378,7.468571428571435
2012-07-21T00:00:00,13.632312969008792,8.574285714285718
2012-07-25T00:00:00,13.691502271615333,9.311428571428577
2012-07-29T00:00:00,14.844610400976931,9.041428571428577
2012-08-02T00:00:00,15.399649853477944,9.030000000000006
2012-08-06T00:00:00,15.634884278863916,9.968571428571433
2012-08-10T00:00:00,15.72166439512033,11.058571428571431
2012-08-14T00:00:00,16.58047491994676,11.511428571428572
2012-08-18T00:00:00,17.112329271753,12.347142857142858
2012-08-22T00:00:00,17.798766797434983,13.057142857142862
2012-08-26T00:00:00,17.797756612825186,11.088571428571433
2012-08-30T00:00:00,18.374648902671417,10.811428571428577
2012-09-03T00:00:00,18.75337888974597,11.064285714285717
2012-09-07T00:00:00,19.972034439372326,10.585714285714289
2012-09-11T00:00:00,20.547995927547824,10.947142857142861
2012-09-15T00:00:00,19.954355670345272,11.262857142857145
2012-09-19T00:00:00,20.7387550782879,11.667142857142862
2012-09-23T00:00:00,21.9714436561213,12.264285714285718
2012-09-27T00:00:00,21.94642792222307,12.432857142857145
2012-10-01T00:00:00,21.865069523994265,12.361428571428577
2012-10-05T00:00:00,21.5211280844035,12.614285714285723
2012-10-09T00:00:00,21.26974887681514,12.841428571428578
2012-10-13T00:00:00,22.299722286603043,12.455714285714294
2012-10-17T00:00:00,22.364799297167057,12.13142857142858
2012-10-21T00:00:00,22.63454363415556,12.000000000000009
2012-10-25T00:00:00,23.323433094882198,11.905714285714295
2012-10-29T00:00:00,24.108880794990466,11.541428571428579
2012-11-02T00:00:00,24.456806621414565,11.012857142857149
2012-11-06T00:00:00,24.028956854555865,10.955714285714295
2012-11-10T00:00:00,24.779861756260722,10.937142857142868
2012-11-14T00:00:00,24.36685165084413,11.058571428571438
2012-11-18T00:00:00,23.16903827558985,11.197142857142866
2012-11-22T00:00:00,24.23419043895829,11.63142857142858
2012-11-26T00:00:00,24.664807840637703,12.081428571428578
2012-11-30T00:00:00,26.469326393822847,12.484285714285722
2012-12-04T00:00:00,26.277317515142233,12.601428571428576
2012-12-08T00:00:00,23.420025554852618,13.01571428571429
2012-12-12T00:00:00,22.86083034641303,13.518571428571432
2012-12-16T00:00:00,21.768397880340085,13.682857142857147
2012-12-20T00:00:00,20.774048096928446,13.67714285714286
2012-12-24T00:00:00,21.683511032047445,13.552857142857146
2012-12-28T00:00:00,22.48151481376916,13.525714285714288
2013-01-01T00:00:00,23.296847089742045,13.527142857142861
2013-01-05T00:00:00,22.91605405932753,13.551428571428573
2013-01-09T00:00:00,22.684235106415855,13.512857142857143
2013-01-13T00:00:00,21.861217637373823,13.877142857142859
2013-01-17T00:00:00,21.045831321425055,14.30571428571429
2013-01-21T00:00:00,21.345826724033067,15.052857142857146
2013-01-25T00:00:00,22.01504723754331,16.595714285714287
2013-01-29T00:00:00,21.879080394275498,18.021428571428576
2013-02-02T00:00:00,23.19092634999567,19.202857142857145
2013-02-06T00:00:00,24.872657597110777,20.75714285714286
2013-02-10T00:00:00,24.913767390425225,21.53714285714286
2013-02-14T00:00:00,24.632979599764067,23.52571428571429
2013-02-18T00:00:00,27.30794905582909,25.704285714285714
2013-02-22T00:00:00,30.88808742659257,27.859999999999992
2013-02-26T00:00:00,31.579742429385167,29.455714285714283
2013-03-02T00:00:00,32.12481165972719,30.91714285714286
2013-03-06T00:00:00,34.04628678696904,33.604285714285716
2013-03-10T00:00:00,34.33728873395628,39.24285714285714
2013-03-14T00:00:00,34.46136204464808,44.88571428571429
2013-03-18T00:00:00,39.47464260233846,46.60000000000001
2013-03-22T00:00:00,45.957917963282966,52.28142857142858
2013-03-26T00:00:00,52.65649086106915,64.86
2013-03-30T00:00:00,54.58932463587121,76.48285714285714
2013-04-03T00:00:00,57.202878552989596,90.69857142857143
2013-04-07T00:00:00,59.22531030867792,116.17000000000003
2013-04-11T00:00:00,61.82513902987877,161.57428571428574
2013-04-15T00:00:00,64.29767656877043,155.52714285714288
2013-04-19T00:00:00,66.69336865081573,96.78571428571429
2013-04-23T00:00:00,69.62349388943935,100.91714285714285
2013-04-27T00:00:00,73.03534530472405,133.14000000000001
2013-05-01T00:00:00,75.22107936937616,140.57714285714286
2013-05-05T00:00:00,74.77227218689443,123.36857142857141
2013-05-09T00:00:00,78.78366499259288,110.0257142857143
2013-05-13T00:00:00,85.00907721271605,114.12857142857145
2013-05-17T00:00:00,86.38639768239332,114.98285714285716
2013-05-21T00:00:00,82.54433237547475,118.6042857142857
2013-05-25T00:00:00,85.56327812164227,123.28999999999999
2013-05-29T00:00:00,96.41586953953076,128.73428571428573
2013-06-02T00:00:00,104.94937679766151,130.63571428571427
2013-06-06T00:00:00,123.88331782075822,126.48142857142855
2013-06-10T00:00:00,133.24350425534809,118.03285714285714
2013-06-14T00:00:00,137.9744941954237,108.8371428571429
2013-06-18T00:00:00,143.4983814914287,103.81000000000003
2013-06-22T00:00:00,142.40751493314943,103.95857142857146
2013-06-26T00:00:00,148.73608597706428,107.91000000000005
2013-06-30T00:00:00,160.35718925022599,103.37428571428575
2013-07-04T00:00:00,168.59542487969742,95.81571428571431
2013-07-08T00:00:00,182.8751500302614,81.79714285714287
2013-07-12T00:00:00,203.8510744098401,76.4657142857143
2013-07-16T00:00:00,212.8017373082041,88.0957142857143
2013-07-20T00:00:00,215.3361739396125,95.86142857142856
2013-07-24T00:00:00,237.86930249973366,92.87
2013-07-28T00:00:00,249.0994826689177,93.60428571428574
2013-08-01T00:00:00,267.91812547360365,98.51857142857145
2013-08-05T00:00:00,298.2627314366096,104.03571428571432
2013-08-09T00:00:00,336.66209222397435,105.55428571428573
2013-08-13T00:00:00,376.2751368364114,104.72571428571429
2013-08-17T00:00:00,417.64607194077456,103.43714285714286
2013-08-21T00:00:00,445.9833469173606,100.96142857142858
2013-08-25T00:00:00,514.4285926635633,104.93285714285717
2013-08-29T00:00:00,540.642312281752,111.37428571428573
2013-09-02T00:00:00,621.4730333416313,118.93857142857144
2013-09-06T00:00:00,698.7825167292746,126.28857142857144
2013-09-10T00:00:00,723.487776940836,122.83285714285716
2013-09-14T00:00:00,808.7310737988183,121.69428571428573
2013-09-18T00:00:00,938.5978664429738,125.48142857142861
2013-09-22T00:00:00,1003.7840543369235,127.01285714285719
2013-09-26T00:00:00,1188.3556169366873,123.87000000000002
2013-09-30T00:00:00,1288.6785719866778,124.37428571428573
2013-10-04T00:00:00,1327.3843201087675,123.22000000000001
2013-10-08T00:00:00,1498.0842413682387,120.12000000000002
2013-10-12T00:00:00,1655.8821947402787,123.75
2013-10-16T00:00:00,1998.7875744573157,128.51571428571427
2013-10-20T00:00:00,2489.9831825956585,140.96142857142857
2013-10-24T00:00:00,2753.06018355295,169.88285714285715
2013-10-28T00:00:00,3154.2651073280254,188.72999999999996
2013-11-01T00:00:00,3557.2878842719365,197.81571428571425
2013-11-05T00:00:00,3789.469210697324,207.1585714285714
2013-11-09T00:00:00,3802.868954489952,236.61714285714282
2013-11-13T00:00:00,4147.204872727961,306.33142857142855
2013-11-17T00:00:00,4600.748712702582,368.07714285714286
2013-11-21T00:00:00,4837.318485408744,477.0671428571428
2013-11-25T00:00:00,4890.88994822549,660.2771428571428
2013-11-29T00:00:00,5159.239662198924,835.2299999999998
2013-12-03T00:00:00,5747.665809673451,988.5157142857141
2013-12-07T00:00:00,6364.947624458908,1067.7499999999998
2013-12-11T00:00:00,6948.166596301985,915.5171428571427
2013-12-15T00:00:00,7626.345870173981,857.4099999999999
2013-12-19T00:00:00,8450.317119995249,816.2871428571425
2013-12-23T00:00:00,9325.823474388084,663.9542857142853
2013-12-27T00:00:00,9731.244641570196,643.5999999999996
2013-12-31T00:00:00,10063.544648256046,700.8828571428567
2014-01-04T00:00:00,10467.423254797186,738.0242857142852
2014-01-08T00:00:00,11760.629686481998,817.0428571428567
2014-01-12T00:00:00,13407.560897338728,848.9971428571423
2014-01-16T00:00:00,14567.21301322149,840.2299999999996
2014-01-20T00:00:00,15605.925980390619,820.7457142857138
2014-01-24T00:00:00,15542.38393649655,819.0942857142852
2014-01-28T00:00:00,17331.990579226876,811.8085714285709
2014-02-01T00:00:00,17822.991987249763,789.4857142857138
2014-02-05T00:00:00,19318.627678487515,803.2171428571426
2014-02-09T00:00:00,21050.05453471475,785.4128571428568
2014-02-13T00:00:00,21315.11098354659,712.4185714285712
2014-02-17T00:00:00,22916.071284494206,662.8657142857139
2014-02-21T00:00:00,25945.390872017462,634.8971428571427
2014-02-25T00:00:00,27225.087107952782,607.2042857142854
2014-03-01T00:00:00,28674.53967216545,581.9271428571427
2014-03-05T00:00:00,28823.999136229042,584.4599999999998
2014-03-09T00:00:00,29671.474494862923,636.4871428571425
2014-03-13T00:00:00,31676.67003150208,642.1999999999997
2014-03-17T00:00:00,32922.879427626074,634.9928571428569
2014-03-21T00:00:00,33714.16825697453,627.865714285714
2014-03-25T00:00:00,37064.45713479384,590.3485714285714
2014-03-29T00:00:00,40937.454661283635,559.93
2014-04-02T00:00:00,41778.36544537938,506.32
2014-04-06T00:00:00,46535.26769346952,460.71285714285716
2014-04-10T00:00:00,47918.96444822329,451.9757142857143
2014-04-14T00:00:00,49108.70776622058,431.24142857142857
2014-04-18T00:00:00,53560.08428171079,448.8971428571428
2014-04-22T00:00:00,56580.32547465287,499.2257142857143
2014-04-26T00:00:00,56994.02461229938,495.49857142857144
2014-04-30T00:00:00,57241.824719309385,469.7871428571429
2014-05-04T00:00:00,60015.63065165797,451.23142857142847
2014-05-08T00:00:00,62954.26662221349,443.66571428571416
2014-05-12T00:00:00,64715.62245731151,440.32142857142844
2014-05-16T00:00:00,69347.179701203,443.94857142857126
2014-05-20T00:00:00,74314.99306149459,445.34571428571405
2014-05-24T00:00:00,75195.2044852348,471.87142857142845
2014-05-28T00:00:00,77437.57668109036,530.6042857142855
2014-06-01T00:00:00,79597.02104263773,575.2471428571426
2014-06-05T00:00:00,87244.86914654785,622.9514285714284
2014-06-09T00:00:00,89257.84566792287,653.3299999999997
2014-06-13T00:00:00,88915.5363535424,649.5771428571423
2014-06-17T00:00:00,101104.89626679789,607.6999999999995
2014-06-21T00:00:00,110407.81276347012,593.4099999999995
2014-06-25T00:00:00,118931.46261857284,597.5142857142852
2014-06-29T00:00:00,122373.20912521957,584.2928571428566
2014-07-03T00:00:00,120899.20990801525,600.761428571428
2014-07-07T00:00:00,118958.00693112356,633.0328571428565
2014-07-11T00:00:00,128393.43117566056,629.6457142857138
2014-07-15T00:00:00,131165.1145060147,626.9542857142853
2014-07-19T00:00:00,134448.47987745813,627.0142857142853
2014-07-23T00:00:00,138994.89818217,625.4799999999996
2014-07-27T00:00:00,131153.4132534286,618.0742857142853
2014-07-31T00:00:00,138928.45083802432,598.9014285714283
2014-08-04T00:00:00,144765.1707426543,585.6942857142852
2014-08-08T00:00:00,139842.09048761913,586.3414285714282
2014-08-12T00:00:00,156186.90539780844,586.7899999999996
2014-08-16T00:00:00,168831.86476869663,566.6899999999996
2014-08-20T00:00:00,169112.0836313833,517.2699999999995
2014-08-24T00:00:00,185549.64738442973,506.0899999999995
2014-08-28T00:00:00,188128.00704139346,510.628571428571
2014-09-01T00:00:00,198965.26397267077,507.4542857142853
2014-09-05T00:00:00,210825.0290594278,488.5957142857138
2014-09-09T00:00:00,214846.2222011833,479.32714285714235
2014-09-13T00:00:00,213482.7375634606,476.9571428571424
2014-09-17T00:00:00,230941.5696626661,475.07714285714235
2014-09-21T00:00:00,253354.50222640412,451.51857142857097
2014-09-25T00:00:00,246999.45618393578,418.2814285714281
2014-09-29T00:00:00,237192.74211888437,411.4428571428566
2014-10-03T00:00:00,246393.12246525107,391.231428571428
2014-10-07T00:00:00,262638.82284757507,362.15714285714233
2014-10-11T00:00:00,262629.4035253776,341.9299999999995
2014-10-15T00:00:00,252228.7959340776,364.3285714285709
2014-10-19T00:00:00,258760.30211622673,385.5799999999995
2014-10-23T00:00:00,257517.45724535154,387.0885714285709
2014-10-27T00:00:00,261871.36335582822,371.9357142857138
2014-10-31T00:00:00,271139.4412963538,351.4299999999995
2014-11-04T00:00:00,289794.6526202308,339.1399999999996
2014-11-08T00:00:00,290597.8056613779,333.138571428571
2014-11-12T00:00:00,293337.63023170776,348.5271428571424
2014-11-16T00:00:00,285462.79452078935,383.9114285714281
2014-11-20T00:00:00,289233.9732779993,395.7057142857138
2014-11-24T00:00:00,284409.69737578573,370.35285714285664
2014-11-28T00:00:00,280465.55231544265,363.49714285714236
2014-12-02T00:00:00,288192.66447107226,373.73857142857105
2014-12-06T00:00:00,288718.2953545132,375.7714285714282
2014-12-10T00:00:00,277260.33042566705,373.48999999999967
2014-12-14T00:00:00,285532.2921508868,359.40571428571394
2014-12-18T00:00:00,277008.94014638255,348.1914285714283
2014-12-22T00:00:00,271171.9834029166,331.3299999999998
2014-12-26T00:00:00,286091.70867250056,324.99714285714265
2014-12-30T00:00:00,314392.6514500937,325.12285714285696
2015-01-03T00:00:00,318714.7260085566,317.65999999999985
2015-01-07T00:00:00,327861.4195736144,297.975714285714
2015-01-11T00:00:00,307947.301659372,283.3071428571426
2015-01-15T00:00:00,297101.57323095674,272.5657142857141
2015-01-19T00:00:00,310389.73111570545,221.2585714285712
2015-01-23T00:00:00,311326.52104865026,211.62857142857118
2015-01-27T00:00:00,282598.2964383434,231.7385714285712
2015-01-31T00:00:00,298941.4036976771,249.64142857142835
2015-02-04T00:00:00,314787.2043903605,235.26857142857122
2015-02-08T00:00:00,324459.4369274946,225.39714285714263
2015-02-12T00:00:00,325949.8248362465,222.79571428571404
2015-02-16T00:00:00,323906.8389355815,228.64999999999972
2015-02-20T00:00:00,338744.67658662656,238.305714285714
2015-02-24T00:00:00,340597.5356517282,240.82714285714255
2015-02-28T00:00:00,334246.61958743137,240.0814285714283
2015-03-04T00:00:00,347109.3574442462,250.43285714285685
2015-03-08T00:00:00,339484.22351758165,268.7714285714282
2015-03-12T00:00:00,339864.72686120734,277.73999999999967
2015-03-16T00:00:00,337478.8310799632,287.2428571428568
2015-03-20T00:00:00,329395.50578463485,282.80999999999966
2015-03-24T00:00:00,335457.99975613115,268.85428571428537
2015-03-28T00:00:00,361125.72885981074,256.73428571428536
2015-04-01T00:00:00,357972.4294895153,247.45428571428536
2015-04-05T00:00:00,343706.6144125466,248.71428571428538
2015-04-09T00:00:00,345894.12911241356,253.90571428571397
2015-04-13T00:00:00,338851.94912259013,247.13714285714255
2015-04-17T00:00:00,342363.3682844822,230.52142857142823
2015-04-21T00:00:00,346928.21319494204,222.56428571428538
2015-04-25T00:00:00,342085.4534769901,228.33857142857104
2015-04-29T00:00:00,337766.75216919265,229.9142857142853
2015-05-03T00:00:00,338104.8570262188,227.2257142857139
2015-05-07T00:00:00,336176.2561197099,234.27428571428533
2015-05-11T00:00:00,335969.6569151445,237.88142857142822
2015-05-15T00:00:00,342398.0793536015,239.95999999999964
2015-05-19T00:00:00,362216.00834418734,237.8499999999996
2015-05-23T00:00:00,349359.2739288314,234.7357142857139
2015-05-27T00:00:00,338632.8548296611,236.02999999999966
2015-05-31T00:00:00,338979.4595940725,236.57857142857105
2015-06-04T00:00:00,338914.824430182,230.97428571428534
2015-06-08T00:00:00,351645.17658567725,225.01142857142824
2015-06-12T00:00:00,367020.12412603444,225.6071428571425
2015-06-16T00:00:00,363990.3086082206,229.50571428571394
2015-06-20T00:00:00,362174.7751636253,239.26571428571393
2015-06-24T00:00:00,354300.40170549497,246.37285714285676
2015-06-28T00:00:00,352888.84632021416,243.45571428571392
2015-07-02T00:00:00,354835.580269439,249.07428571428537
2015-07-06T00:00:00,360299.10635788826,256.5657142857139
2015-07-10T00:00:00,376086.3116023916,263.8771428571425
2015-07-14T00:00:00,362611.5953885363,280.1114285714281
2015-07-18T00:00:00,361355.7505934119,290.05857142857104
2015-07-22T00:00:00,370334.19420020294,280.2871428571425
2015-07-26T00:00:00,379982.6239220452,278.7914285714282
2015-07-30T00:00:00,388594.54303437157,287.5728571428568
2015-08-03T00:00:00,387216.52581849584,289.22571428571393
2015-08-07T00:00:00,377563.95662263676,283.29857142857105
2015-08-11T00:00:00,379704.4428539934,275.8271428571424
2015-08-15T00:00:00,389964.5367690211,267.72142857142813
2015-08-19T00:00:00,365264.28779900644,263.30285714285674
2015-08-23T00:00:00,394649.99450108706,241.62285714285673
2015-08-27T00:00:00,400765.3139901032,226.7542857142853
2015-08-31T00:00:00,407263.8701419768,224.64714285714243
2015-09-04T00:00:00,413813.9986116207,228.87571428571385
2015-09-08T00:00:00,417963.619213385,231.62714285714242
2015-09-12T00:00:00,431987.7009136632,238.35142857142813
2015-09-16T00:00:00,437245.97817197547,236.52857142857098
2015-09-20T00:00:00,420468.6954100101,230.99999999999955
2015-09-24T00:00:00,410138.50502978667,230.01714285714243
2015-09-28T00:00:00,440329.60604035377,231.35428571428528
2015-10-02T00:00:00,456272.3595624715,235.4099999999996
2015-10-06T00:00:00,453468.788130199,237.9342857142853
2015-10-10T00:00:00,434022.4246954131,241.23999999999953
2015-10-14T00:00:00,422362.1207483723,245.22428571428526
2015-10-18T00:00:00,442884.8037179,251.20999999999955
2015-10-22T00:00:00,445335.41744571005,262.09285714285664
2015-10-26T00:00:00,450956.1557241511,271.28999999999957
2015-10-30T00:00:00,451963.84968615585,286.4728571428567
2015-11-03T00:00:00,466643.81661473034,309.39714285714246
2015-11-07T00:00:00,466409.8110023018,360.60285714285675
2015-11-11T00:00:00,457125.8242430142,387.278571428571
2015-11-15T00:00:00,490312.2186328014,351.6842857142853
2015-11-19T00:00:00,508302.0889758474,329.21999999999974
2015-11-23T00:00:00,527474.4768765004,327.66999999999973
2015-11-27T00:00:00,555465.6815085089,324.30428571428547
2015-12-01T00:00:00,552589.1237620645,344.8214285714283
2015-12-05T00:00:00,558786.3849631345,363.685714285714
2015-12-09T00:00:00,575412.9787260932,373.7185714285711
2015-12-13T00:00:00,664613.9391155678,409.3185714285711
2015-12-17T00:00:00,687573.3765520828,437.12285714285684
2015-12-21T00:00:00,695865.7111467419,453.9928571428569
2015-12-25T00:00:00,709038.8147739202,448.5771428571426
2015-12-29T00:00:00,750557.2287533741,438.17142857142835
2016-01-02T00:00:00,781179.9336694662,429.76428571428556
2016-01-06T00:00:00,780952.3681237582,432.1157142857141
2016-01-10T00:00:00,812210.8065743857,438.6714285714283
2016-01-14T00:00:00,856438.8245841406,446.0628571428569
2016-01-18T00:00:00,807462.711338615,421.02999999999986
2016-01-22T00:00:00,809006.7386918638,392.08285714285694
2016-01-26T00:00:00,895139.7944530871,394.66428571428554
2016-01-30T00:00:00,959115.1401624888,389.5057142857142
2016-02-03T00:00:00,995618.1718108045,380.06714285714276
2016-02-07T00:00:00,1064663.6100956276,375.7185714285714
2016-02-11T00:00:00,1170902.949029092,376.54714285714283
2016-02-15T00:00:00,1210727.4042139906,378.52428571428567
2016-02-19T00:00:00,1134992.9765623978,396.66857142857134
2016-02-23T00:00:00,1122042.446767042,419.2542857142857
2016-02-27T00:00:00,1122716.5967920024,428.0614285714286
2016-03-02T00:00:00,1115750.413151101,428.10428571428577
2016-03-06T00:00:00,1176124.0047055834,426.4071428571429
2016-03-10T00:00:00,1182661.4746346704,411.47714285714295
2016-03-14T00:00:00,1185819.1146866248,412.72285714285726
2016-03-18T00:00:00,1177943.655670679,415.1700000000001
2016-03-22T00:00:00,1160553.647629226,413.52857142857147
2016-03-26T00:00:00,1184672.4907071462,412.9071428571429
2016-03-30T00:00:00,1244611.2774393533,418.61714285714294
2016-04-03T00:00:00,1220341.0579831232,417.93285714285724
2016-04-07T00:00:00,1215680.0495082433,417.69857142857154
2016-04-11T00:00:00,1292715.5687596935,419.69571428571436
2016-04-15T00:00:00,1319607.317131885,421.3328571428573
2016-04-19T00:00:00,1306369.8620389153,426.2728571428573
2016-04-23T00:00:00,1319633.2464804095,434.7900000000001
2016-04-27T00:00:00,1285373.537194018,450.1314285714287
2016-05-01T00:00:00,1242172.1568776157,456.1771428571431
2016-05-05T00:00:00,1358823.5809783698,449.64714285714314
2016-05-09T00:00:00,1404498.3231961315,451.6657142857145
2016-05-13T00:00:00,1397829.1545605804,455.7085714285716
2016-05-17T00:00:00,1370272.4615036019,455.43000000000023
2016-05-21T00:00:00,1364319.776956976,452.227142857143
2016-05-25T00:00:00,1490994.6073375845,444.18714285714293
2016-05-29T00:00:00,1487224.0091552027,448.5
2016-06-02T00:00:00,1375776.66173109,495.29428571428576
2016-06-06T00:00:00,1395592.3749658987,541.1128571428573
2016-06-10T00:00:00,1483291.6562820175,571.2185714285714
2016-06-14T00:00:00,1476356.5032597515,595.86
2016-06-18T00:00:00,1459155.2896971,671.482857142857
2016-06-22T00:00:00,1547118.4919093787,732.2928571428571
2016-06-26T00:00:00,1536803.6434820157,682.8142857142855
2016-06-30T00:00:00,1524610.3304640572,638.2171428571427
2016-07-04T00:00:00,1564770.7977055497,658.3099999999998
2016-07-08T00:00:00,1554081.0534019496,675.0999999999998
2016-07-12T00:00:00,1539692.5723924672,660.142857142857
2016-07-16T00:00:00,1512414.5543776373,654.9399999999998
2016-07-20T00:00:00,1500475.0643218402,664.862857142857
2016-07-24T00:00:00,1469011.5472056784,667.222857142857
2016-07-28T00:00:00,1376627.8532701624,657.7714285714286
2016-08-01T00:00:00,1434240.0321515142,655.4414285714287
2016-08-05T00:00:00,1551190.2975887558,612.7600000000002
2016-08-09T00:00:00,1590015.4337449714,576.0757142857145
2016-08-13T00:00:00,1491087.512258583,586.994285714286
2016-08-17T00:00:00,1552201.0202241542,580.6814285714288
2016-08-21T00:00:00,1576595.1540976488,572.1957142857146
2016-08-25T00:00:00,1676441.7329387732,576.3000000000003
2016-08-29T00:00:00,1569927.4791885212,577.427142857143
2016-09-02T00:00:00,1585634.69278992,573.1642857142859
2016-09-06T00:00:00,1628830.7598156298,580.0271428571431
2016-09-10T00:00:00,1599044.6342752099,603.5
2016-09-14T00:00:00,1715941.6494418245,614.89
2016-09-18T00:00:00,1767828.8105885356,609.3214285714284
2016-09-22T00:00:00,1690346.923926197,606.9014285714283
2016-09-26T00:00:00,1755585.7262027245,601.5771428571425
2016-09-30T00:00:00,1854675.1988884746,601.1414285714283
2016-10-04T00:00:00,1802146.5088548928,606.9985714285713
2016-10-08T00:00:00,1850112.3855164289,609.6471428571425
2016-10-12T00:00:00,1897250.873499276,611.6599999999996
2016-10-16T00:00:00,1789993.5200488386,626.8528571428567
2016-10-20T00:00:00,1729409.123985647,636.3857142857136
2016-10-24T00:00:00,1820178.174170574,635.6171428571423
2016-10-28T00:00:00,1878816.0790978454,647.2628571428565
2016-11-01T00:00:00,1903722.144951221,678.5928571428565
2016-11-05T00:00:00,1826276.4947781826,706.2228571428566
2016-11-09T00:00:00,1846883.2731277866,710.1128571428568
2016-11-13T00:00:00,2016117.2218417046,710.9999999999994
2016-11-17T00:00:00,2064937.9976172464,710.228571428571
2016-11-21T00:00:00,2030091.3388923637,727.5842857142854
2016-11-25T00:00:00,2009204.7391204464,741.4314285714283
2016-11-29T00:00:00,2119270.735785414,736.6185714285712
2016-12-03T00:00:00,2096331.047771838,735.2314285714282
2016-12-07T00:00:00,2136272.146722828,752.6328571428568
2016-12-11T00:00:00,2136244.0807198593,762.4842857142855
2016-12-15T00:00:00,2209556.5563213034,771.398571428571
2016-12-19T00:00:00,2165835.3510026517,778.0342857142854
2016-12-23T00:00:00,2262016.178870619,794.3799999999998
2016-12-27T00:00:00,2321484.958646186,855.0299999999999
2016-12-31T00:00:00,2388534.8363619717,924.4171428571427
2017-01-04T00:00:00,2479403.0382490805,972.902857142857
2017-01-08T00:00:00,2423001.695249785,1002.0299999999996
2017-01-12T00:00:00,2425095.33875336,945.4271428571425
2017-01-16T00:00:00,2641887.4804168753,848.8657142857139
2017-01-20T00:00:00,2732216.4828686495,842.0971428571427
2017-01-24T00:00:00,2914251.3752072384,895.0942857142854
2017-01-28T00:00:00,3053427.6840616013,907.3871428571427
2017-02-01T00:00:00,3033399.2388273524,908.6571428571427
2017-02-05T00:00:00,3102542.9915142865,960.3785714285713
2017-02-09T00:00:00,3030498.4575872305,1018.5271428571425
2017-02-13T00:00:00,3054992.9644181477,1019.1385714285713
2017-02-17T00:00:00,3150929.9368041903,1002.2371428571425
2017-02-21T00:00:00,3190296.409473513,1030.8785714285711
2017-02-25T00:00:00,3214698.9371839655,1098.2714285714285
2017-03-01T00:00:00,3433811.815083556,1163.9371428571428
2017-03-05T00:00:00,3361582.2139871162,1212.2099999999996
2017-03-09T00:00:00,3334927.1811595457,1259.4571428571423
2017-03-13T00:00:00,3419384.661996132,1201.8785714285711
2017-03-17T00:00:00,3455378.184753985,1206.5342857142855
2017-03-21T00:00:00,3546574.011183695,1137.3742857142854
2017-03-25T00:00:00,3668730.4760673465,1035.9528571428566
2017-03-29T00:00:00,3618057.4031934883,1009.0628571428567
2017-04-02T00:00:00,3525770.907736244,1021.8128571428567
2017-04-06T00:00:00,3732651.814395701,1085.5157142857136
2017-04-10T00:00:00,3789422.1841963967,1152.8157142857135
2017-04-14T00:00:00,3716265.8096377077,1202.201428571428
2017-04-18T00:00:00,3689030.6088938857,1191.0914285714282
2017-04-22T00:00:00,3809461.3800021405,1191.6799999999998
2017-04-26T00:00:00,3768777.8118661973,1230.5842857142854
2017-04-30T00:00:00,3828030.482047049,1278.4814285714285
2017-05-04T00:00:00,3881003.7613992137,1353.6085714285712
2017-05-08T00:00:00,3973673.383209128,1472.0328571428565
2017-05-12T00:00:00,4087103.120458678,1616.3771428571424
2017-05-16T00:00:00,4268826.866837841,1745.5085714285708
2017-05-20T00:00:00,4314627.130897485,1762.0785714285705
2017-05-24T00:00:00,4365471.603180534,1922.3871428571422
2017-05-28T00:00:00,4576075.581265672,2194.4299999999994
2017-06-01T00:00:00,4837084.425534403,2242.624285714285
2017-06-05T00:00:00,5016434.728100327,2344.357142857142
2017-06-09T00:00:00,5315464.142712018,2603.4542857142847
2017-06-13T00:00:00,5138325.294241457,2820.3128571428565
2017-06-17T00:00:00,4897315.665055648,2701.6428571428564
2017-06-21T00:00:00,5052025.489071213,2543.642857142856
2017-06-25T00:00:00,5150122.021218943,2649.8542857142847
2017-06-29T00:00:00,5038931.948140614,2586.3371428571418
2017-07-03T00:00:00,5333067.905316561,2498.288571428571
2017-07-07T00:00:00,5643284.511089206,2528.7299999999996
2017-07-11T00:00:00,5495513.890133706,2559.4385714285713
2017-07-15T00:00:00,5861899.508277555,2418.87
2017-07-19T00:00:00,5920137.727710934,2193.8342857142857
2017-07-23T00:00:00,6290353.420675983,2311.6414285714286
2017-07-27T00:00:00,6404619.6045211395,2667.987142857143
2017-07-31T00:00:00,6416568.82035091,2676.4328571428573
2017-08-04T00:00:00,6340973.960797036,2739.7728571428574
2017-08-08T00:00:00,6646415.866423098,2914.445714285715
2017-08-12T00:00:00,6600428.012143145,3265.775714285715
2017-08-16T00:00:00,6431739.376147588,3724.34
2017-08-20T00:00:00,6812005.312759782,4171.1728571428575
2017-08-24T00:00:00,6372732.59288018,4148.308571428572
2017-08-28T00:00:00,5293923.580283118,4184.971428571428
2017-09-01T00:00:00,6118103.511203514,4417.447142857143
2017-09-05T00:00:00,7234499.718917969,4626.301428571429
2017-09-09T00:00:00,7713587.645359667,4558.772857142857
2017-09-13T00:00:00,7745290.322226867,4383.661428571429
2017-09-17T00:00:00,7948423.993960397,3960.211428571429
2017-09-21T00:00:00,7714642.827621005,3735.4585714285718
2017-09-25T00:00:00,8039495.313184744,3792.5371428571425
2017-09-29T00:00:00,8125688.732721812,3809.5900000000006
2017-10-03T00:00:00,8241514.825746937,4161.472857142858
2017-10-07T00:00:00,8093774.808395992,4307.995714285715
2017-10-11T00:00:00,8611583.305468943,4432.427142857143
2017-10-15T00:00:00,8555715.75853819,4927.0885714285705
2017-10-19T00:00:00,9245168.605723055,5538.677142857142
2017-10-23T00:00:00,10037300.022069383,5759.822857142857
2017-10-27T00:00:00,10670559.234200781,5831.777142857143
2017-10-31T00:00:00,9904229.24221839,5809.7928571428565
2017-11-04T00:00:00,9306199.07846492,6280.114285714285
2017-11-08T00:00:00,9677621.65809323,7017.818571428571
2017-11-12T00:00:00,9438552.350897446,7139.685714285713
2017-11-16T00:00:00,8361124.9175547445,6635.3442857142845
2017-11-20T00:00:00,10028527.453613034,7090.641428571427
2017-11-24T00:00:00,10571133.769943774,8000.485714285713
2017-11-28T00:00:00,10396548.537925262,8415.999999999998
2017-12-02T00:00:00,11077064.76923594,9366.305714285712
2017-12-06T00:00:00,11660571.635318296,10588.14714285714
2017-12-10T00:00:00,12675804.939481715,13132.014285714284
2017-12-14T00:00:00,13082739.115663085,15707.274285714284
2017-12-18T00:00:00,13817089.756870428,16880.955714285712
2017-12-22T00:00:00,13779353.804606985,17821.87714285714
2017-12-26T00:00:00,13155477.122510526,15660.784285714286
2017-12-30T00:00:00,13807265.170036314,14358.225714285714
2018-01-03T00:00:00,14859847.519579502,14215.892857142859
2018-01-07T00:00:00,15374680.497350203,14528.658571428572
2018-01-11T00:00:00,15592706.54868646,15696.077142857146
2018-01-15T00:00:00,16699532.96731619,14542.677142857146
2018-01-19T00:00:00,17518474.864028975,12979.917142857144
2018-01-23T00:00:00,18921900.076749504,11841.714285714284
2018-01-27T00:00:00,19787587.232494235,11415.615714285714
2018-01-31T00:00:00,20216478.37340072,11261.195714285714
2018-02-04T00:00:00,19890578.531373043,10371.048571428571
2018-02-08T00:00:00,22043211.735468682,8602.787142857142
2018-02-12T00:00:00,21200794.83270078,7988.5714285714275
2018-02-16T00:00:00,21822998.378448155,8636.884285714284
2018-02-20T00:00:00,22537502.534898754,9797.978571428568
2018-02-24T00:00:00,22619613.70976804,10630.167142857139
2018-02-28T00:00:00,23129455.071288913,10193.621428571425
2018-03-04T00:00:00,24090512.761231683,10361.987142857139
2018-03-08T00:00:00,24656663.69515837,11063.44714285714
2018-03-12T00:00:00,24840322.333639424,10138.875714285712
2018-03-16T00:00:00,24443064.121342275,9057.44714285714
2018-03-20T00:00:00,25073739.768088404,8451.328571428568
2018-03-24T00:00:00,24653093.04215949,8506.80714285714
2018-03-28T00:00:00,25105502.58619999,8657.182857142856
2018-04-01T00:00:00,24933378.67032987,7834.205714285713
2018-04-05T00:00:00,26526747.478073098,7165.834285714283
2018-04-09T00:00:00,27451982.744913302,6923.068571428569
2018-04-13T00:00:00,27551717.468782194,6850.034285714283
2018-04-17T00:00:00,28081059.67228455,7543.969999999997
2018-04-21T00:00:00,29391435.649626076,8102.508571428568
2018-04-25T00:00:00,30154849.562603377,8563.402857142853
2018-04-29T00:00:00,27778760.672412448,9063.929999999995
2018-05-03T00:00:00,29007915.362040572,9165.099999999993
2018-05-07T00:00:00,29705021.855992816,9460.155714285707
2018-05-11T00:00:00,29676459.334977467,9540.722857142851
2018-05-15T00:00:00,29771418.722719762,8919.129999999994
2018-05-19T00:00:00,30898997.443865974,8443.072857142852
2018-05-23T00:00:00,31340411.693064038,8325.222857142851
2018-05-27T00:00:00,32780259.376856085,7957.211428571422
2018-05-31T00:00:00,34072425.972664125,7399.451428571423
2018-06-04T00:00:00,34255939.93661024,7419.975714285708
2018-06-08T00:00:00,36623986.38944037,7589.739999999995
2018-06-12T00:00:00,35787978.208581574,7475.852857142852
2018-06-16T00:00:00,35226598.158250876,6892.049999999995
2018-06-20T00:00:00,38429675.250137284,6504.061428571424
2018-06-24T00:00:00,39784321.86544569,6561.471428571424
2018-06-28T00:00:00,38798076.90988413,6316.3571428571395
2018-07-02T00:00:00,36778846.14133995,6165.488571428567
2018-07-06T00:00:00,35940839.56543448,6374.817142857138
2018-07-10T00:00:00,37975716.11703958,6633.464285714281
2018-07-14T00:00:00,38775605.824620165,6540.8014285714235
2018-07-18T00:00:00,36509848.57509012,6360.251428571422
2018-07-22T00:00:00,38873815.39954954,6975.908571428567
2018-07-26T00:00:00,42145481.84301064,7589.837142857136
2018-07-30T00:00:00,43186317.48986679,8007.082857142851
2018-08-03T00:00:00,43330461.804432616,8010.491428571421
2018-08-07T00:00:00,45756461.595135145,7501.242857142851
2018-08-11T00:00:00,46474707.06800876,6846.251428571422
2018-08-15T00:00:00,47856434.09623907,6351.505714285709
2018-08-19T00:00:00,48640417.27294009,6306.361428571422
2018-08-23T00:00:00,48685790.79651558,6396.709999999994
2018-08-27T00:00:00,49000382.03378043,6504.545714285709
2018-08-31T00:00:00,51603523.670061335,6810.737142857137
2018-09-04T00:00:00,49684097.09108747,7072.309999999993
2018-09-08T00:00:00,47988724.25098981,7046.975714285708
2018-09-12T00:00:00,50356537.709924355,6526.7399999999925
2018-09-16T00:00:00,51192470.87111106,6329.704285714279
2018-09-20T00:00:00,49447839.43928157,6415.557142857136
2018-09-24T00:00:00,52079819.00403919,6493.412857142851
2018-09-28T00:00:00,53232311.492059335,6593.144285714277
2018-10-02T00:00:00,54756137.20270987,6570.5585714285635
2018-10-06T00:00:00,53076537.694388136,6570.2971428571345
2018-10-10T00:00:00,50256807.6983317,6571.0985714285625
2018-10-14T00:00:00,52041213.86551923,6495.227142857135
2018-10-18T00:00:00,51935331.436494775,6397.505714285706
2018-10-22T00:00:00,51884979.84490446,6507.77142857142
2018-10-26T00:00:00,50090631.11163218,6491.914285714279
2018-10-30T00:00:00,49427516.85048022,6472.221428571422
2018-11-03T00:00:00,52846858.85966794,6385.675714285709
2018-11-07T00:00:00,51832813.4970715,6379.56428571428
2018-11-11T00:00:00,46121912.99635215,6441.4428571428525
2018-11-15T00:00:00,46938230.04053535,6414.169999999994
2018-11-19T00:00:00,45715818.24939446,5961.721428571423
2018-11-23T00:00:00,41998858.13251291,5199.605714285709
2018-11-27T00:00:00,40869704.50288792,4356.459999999994
2018-12-01T00:00:00,39499506.31724198,4054.689999999994
2018-12-05T00:00:00,37101457.81240009,4085.7414285714226
2018-12-09T00:00:00,36223720.32571753,3833.6357142857078
2018-12-13T00:00:00,35005336.7349416,3511.138571428565
2018-12-17T00:00:00,36488953.52668595,3391.267142857137
2018-12-21T00:00:00,38263941.14131169,3433.465714285709
2018-12-25T00:00:00,38725392.663230754,3866.7457142857093
2018-12-29T00:00:00,42065189.44231629,3901.5185714285667
2019-01-02T00:00:00,41167951.690835595,3800.764285714281
2019-01-06T00:00:00,42762992.71688324,3834.3157142857094
2019-01-10T00:00:00,43172095.940355115,3938.2471428571375
2019-01-14T00:00:00,42014988.00849717,3868.9099999999953
2019-01-18T00:00:00,39460857.63369904,3625.2128571428516
2019-01-22T00:00:00,40531401.694054715,3634.4528571428514
2019-01-26T00:00:00,42453509.403257295,3594.1014285714227
2019-01-30T00:00:00,42667170.64818568,3556.738571428566
2019-02-03T00:00:00,42249870.142456785,3484.4457142857086
2019-02-07T00:00:00,43481139.78688107,3467.438571428566
2019-02-11T00:00:00,44881391.034194775,3500.232857142851
2019-02-15T00:00:00,43191347.207880564,3611.8428571428517
2019-02-19T00:00:00,43605270.288050056,3625.027142857138
2019-02-23T00:00:00,44380092.46493542,3809.6971428571374
2019-02-27T00:00:00,42855236.49209063,3942.412857142852
2019-03-03T00:00:00,44232555.430380516,3872.028571428566
2019-03-07T00:00:00,43291490.9583342,3823.8828571428508
2019-03-11T00:00:00,42083550.08222072,3858.2857142857088
2019-03-15T00:00:00,42890747.09303628,3898.982857142852
2019-03-19T00:00:00,45511523.434795454,3926.278571428566
2019-03-23T00:00:00,47795719.21324636,4003.4271428571374
2019-03-27T00:00:00,45849305.9800876,4002.6899999999946
2019-03-31T00:00:00,45880050.97829993,4013.0128571428513
2019-04-04T00:00:00,45573956.52319909,4209.348571428566
2019-04-08T00:00:00,45905140.88635676,4728.987142857138
2019-04-12T00:00:00,46415319.08793086,5133.945714285709
2019-04-16T00:00:00,44945849.057631634,5154.242857142853
2019-04-20T00:00:00,44764249.667499766,5145.6414285714245
2019-04-24T00:00:00,44471034.3204465,5276.952857142854
2019-04-28T00:00:00,45391928.68054722,5344.155714285711
2019-05-02T00:00:00,48183714.41204215,5290.649999999996
2019-05-06T00:00:00,48827339.21153391,5425.254285714282
2019-05-10T00:00:00,46746356.701584525,5701.849999999996
2019-05-14T00:00:00,48023596.0147234,6299.825714285709
2019-05-18T00:00:00,50117786.52478069,7497.659999999994
2019-05-22T00:00:00,51222568.44080638,7844.792857142854
2019-05-26T00:00:00,52135937.52285272,7846.8228571428535
2019-05-30T00:00:00,53373868.45946839,8259.327142857137
2019-06-03T00:00:00,52847618.05786451,8611.201428571421
2019-06-07T00:00:00,52391955.68991896,8245.265714285708
2019-06-11T00:00:00,55994233.735333,7852.889999999993
2019-06-15T00:00:00,54082274.33669797,7988.448571428564
2019-06-19T00:00:00,53931003.70699913,8598.294285714277
2019-06-23T00:00:00,53722574.62708885,9323.507142857135
2019-06-27T00:00:00,57195336.552052476,10469.919999999995
2019-07-01T00:00:00,61165896.332180314,11704.072857142852
2019-07-05T00:00:00,63617010.316239394,11357.741428571422
2019-07-09T00:00:00,67335985.23286633,11170.511428571423
2019-07-13T00:00:00,65236285.66638231,11716.691428571421
2019-07-17T00:00:00,65398734.02913995,11470.439999999997
2019-07-21T00:00:00,64497570.3712581,10385.124285714282
2019-07-25T00:00:00,64609474.1220631,10338.402857142853
2019-07-29T00:00:00,69400228.24262597,9960.758571428567
2019-08-02T00:00:00,71436400.26888417,9700.42428571428
2019-08-06T00:00:00,71750336.91595867,10272.38285714285
2019-08-10T00:00:00,74566507.44960836,11362.17714285714
2019-08-14T00:00:00,73463402.5902995,11644.979999999996
2019-08-18T00:00:00,72825207.00795133,10824.57285714285
2019-08-22T00:00:00,72283871.8608038,10412.644285714281
2019-08-26T00:00:00,76729088.15301375,10398.058571428566
2019-08-30T00:00:00,76367499.61317863,10149.528571428567
2019-09-03T00:00:00,78440212.48352496,9811.897142857139
2019-09-07T00:00:00,81911711.3311619,10159.79571428571
2019-09-11T00:00:00,85217635.49735968,10472.55714285714
2019-09-15T00:00:00,89554384.74609981,10321.655714285711
2019-09-19T00:00:00,90214468.3326224,10295.875714285712
2019-09-23T00:00:00,94235786.35823512,10193.212857142857
2019-09-27T00:00:00,91434682.17080025,9590.107142857141
2019-10-01T00:00:00,91495287.63803318,8457.214285714284
2019-10-05T00:00:00,91519571.94981956,8246.357142857141
2019-10-09T00:00:00,96593924.45396785,8189.4357142857125
2019-10-13T00:00:00,96238944.05855842,8266.285714285712
2019-10-17T00:00:00,94440182.24777238,8364.574285714285
2019-10-21T00:00:00,95055454.38742112,8113.277142857142
2019-10-25T00:00:00,100207780.94612253,7991.552857142854
2019-10-29T00:00:00,95375220.792608,8375.549999999997
2019-11-02T00:00:00,89256768.1250417,9206.119999999999
2019-11-06T00:00:00,91784737.59263548,9274.904285714283
2019-11-10T00:00:00,90762607.51459399,9221.314285714285
2019-11-14T00:00:00,90699368.88504884,8954.211428571429
2019-11-18T00:00:00,94847233.72984722,8698.797142857144
2019-11-22T00:00:00,92753027.64806035,8350.748571428572
2019-11-26T00:00:00,90238982.02037299,7644.778571428571
2019-11-30T00:00:00,91115589.19144289,7252.355714285714
2019-12-04T00:00:00,92681782.33224623,7449.418571428572
2019-12-08T00:00:00,96880815.35477403,7386.111428571429
2019-12-12T00:00:00,93446264.21635814,7388.772857142857
2019-12-16T00:00:00,90347136.67845428,7255.949999999999
2019-12-20T00:00:00,92925415.7375964,7056.551428571429
2019-12-24T00:00:00,98740227.53509028,7110.655714285714
2019-12-28T00:00:00,96827572.572071,7258.238571428571
2020-01-01T00:00:00,97011480.59215085,7255.395714285713
2020-01-05T00:00:00,105793194.82492833,7217.242857142855
2020-01-09T00:00:00,107202820.5002444,7438.647142857141
2020-01-13T00:00:00,105144996.70636413,7906.142857142856
2020-01-17T00:00:00,106142030.5758593,8279.941428571427
2020-01-21T00:00:00,108984910.82487467,8714.01857142857
2020-01-25T00:00:00,110600317.70289545,8701.475714285714
2020-01-29T00:00:00,110086945.93868305,8572.72
2020-02-02T00:00:00,110981010.23884849,9044.742857142857
2020-02-06T00:00:00,113456448.3565329,9322.17857142857
2020-02-10T00:00:00,110381152.56371304,9549.49
2020-02-14T00:00:00,108294601.66974202,10016.742857142857
2020-02-18T00:00:00,111150618.92552446,10133.895714285714
2020-02-22T00:00:00,111729559.85059437,9900.932857142858
2020-02-26T00:00:00,109924843.8400675,9773.08285714286
2020-03-01T00:00:00,110892855.15019846,9276.358571428575
2020-03-05T00:00:00,119877988.6719989,8719.334285714287
2020-03-09T00:00:00,121197746.34545204,8868.877142857144
2020-03-13T00:00:00,116070927.61330411,8416.477142857144
2020-03-17T00:00:00,104972190.00322084,6386.855714285716
2020-03-21T00:00:00,94627786.06113414,5444.731428571429
2020-03-25T00:00:00,95333086.32991287,5957.7300000000005
2020-03-29T00:00:00,99147879.97675763,6444.917142857143
2020-04-02T00:00:00,104989801.55573513,6401.604285714285
2020-04-06T00:00:00,106308080.8787355,6542.045714285715
2020-04-10T00:00:00,105903459.59372948,7016.2414285714285
2020-04-14T00:00:00,114921002.25323077,7126.811428571428
2020-04-18T00:00:00,115054068.8189836,6877.984285714286
2020-04-22T00:00:00,112777076.67665617,6981.7928571428565
2020-04-26T00:00:00,111912718.6898519,7171.11857142857
2020-04-30T00:00:00,113216514.46699287,7560.064285714283
2020-05-04T00:00:00,116956399.32926574,8351.448571428567
2020-05-08T00:00:00,122164632.51837364,8916.982857142853
2020-05-12T00:00:00,121087434.47597237,9313.401428571424
2020-05-16T00:00:00,110593624.25691998,9233.095714285708
2020-05-20T00:00:00,94810873.32883821,9426.975714285707
2020-05-24T00:00:00,90689768.70048092,9470.815714285707
2020-05-28T00:00:00,92882000.95950735,9055.294285714279
2020-06-01T00:00:00,102234702.44501315,9194.867142857136
2020-06-05T00:00:00,105288528.1766404,9647.424285714278
2020-06-09T00:00:00,112208528.24468684,9747.20428571428
2020-06-13T00:00:00,115951097.54610994,9683.474285714281
2020-06-17T00:00:00,110570811.73739882,9520.562857142851
2020-06-21T00:00:00,105875824.18477465,9413.037142857136
2020-06-25T00:00:00,110861798.94428022,9441.51285714285
2020-06-29T00:00:00,115793972.0014575,9324.897142857139
2020-07-03T00:00:00,119940130.74771547,9154.671428571424
2020-07-07T00:00:00,124421541.56999876,9133.78571428571
2020-07-11T00:00:00,124533213.70598333,9225.152857142853
2020-07-15T00:00:00,122915681.28235175,9284.532857142853
2020-07-19T00:00:00,116374944.77118148,9214.744285714283
2020-07-23T00:00:00,113943058.68242149,9203.514285714282
2020-07-27T00:00:00,124043956.85751176,9454.354285714284
2020-07-31T00:00:00,126308844.85317619,10270.104285714284
2020-08-04T00:00:00,122154894.82121405,11205.754285714285
2020-08-08T00:00:00,122274537.22554435,11457.91142857143
2020-08-12T00:00:00,122886223.95061506,11666.822857142859
2020-08-16T00:00:00,129075393.19033508,11694.577142857144
2020-08-20T00:00:00,123363117.03448935,11882.308571428572
2020-08-24T00:00:00,119993197.73988862,11854.76
2020-08-28T00:00:00,122017801.8251035,11613.397142857142
2020-09-01T00:00:00,122817197.05918725,11513.554285714283
2020-09-05T00:00:00,122817197.05918725,11413.134285714286
2020-09-09T00:00:00,127930089.15456907,10679.76857142857
2020-09-13T00:00:00,135233596.35173258,10268.534285714284
2020-09-17T00:00:00,137347966.3056256,10459.05714285714
2020-09-21T00:00:00,139904505.85300225,10813.795714285707
2020-09-25T00:00:00,133839259.63432512,10724.845714285704
2020-09-29T00:00:00,138259695.98178923,10589.867142857134
2020-10-03T00:00:00,135516448.04564264,10732.824285714276
2020-10-07T00:00:00,136429165.52396673,10689.544285714275
2020-10-11T00:00:00,140610835.70341173,10753.545714285705
2020-10-15T00:00:00,144034012.33583727,11186.407142857135
2020-10-19T00:00:00,144339932.50425592,11424.85999999999
2020-10-23T00:00:00,136175009.87699607,11745.884285714274
2020-10-27T00:00:00,130791599.99852994,12659.31142857142
2020-10-31T00:00:00,113182307.49058452,13226.464285714277
2020-11-04T00:00:00,110352547.38279946,13586.888571428562
2020-11-08T00:00:00,121130852.4218934,14358.632857142848
2020-11-12T00:00:00,126728589.87125707,15188.394285714274
2020-11-16T00:00:00,127563114.92214963,15795.827142857132
2020-11-20T00:00:00,128602936.80096643,16699.6357142857
2020-11-24T00:00:00,140083639.15004912,17976.195714285703
2020-11-28T00:00:00,135584967.4199851,18467.44999999999
2020-12-02T00:00:00,131996845.77838087,18262.33999999999
2020-12-06T00:00:00,133755751.8608618,18825.467142857135
2020-12-10T00:00:00,137948518.46795613,19054.999999999993
2020-12-14T00:00:00,134533587.6076591,18644.664285714276
2020-12-18T00:00:00,131791042.04281811,19191.55142857142
2020-12-22T00:00:00,134441785.8073798,21922.08142857142
2020-12-26T00:00:00,134176614.63221736,23435.80857142856
2020-12-30T00:00:00,135214014.93546128,25030.564285714274
2021-01-03T00:00:00,145103346.174645,27762.249999999993
2021-01-07T00:00:00,149387454.0462804,31215.834285714274
2021-01-11T00:00:00,151089413.12252626,36619.98571428571
2021-01-15T00:00:00,149884529.1685857,37940.998571428565
2021-01-19T00:00:00,150294161.27559942,36399.29857142856
2021-01-23T00:00:00,144294102.25680718,35382.295714285705
2021-01-27T00:00:00,148185308.05110505,33139.88714285714
2021-01-31T00:00:00,150095785.47639352,32471.177142857134
2021-02-04T00:00:00,147729743.5378494,33520.53142857142
2021-02-08T00:00:00,158947631.13423166,36352.74714285714
2021-02-12T00:00:00,160711290.00435206,41623.44428571428
2021-02-16T00:00:00,154346676.71758848,47031.77
2021-02-20T00:00:00,153151584.74440545,49173.61285714285
2021-02-24T00:00:00,149558390.99271905,53773.63428571428
2021-02-28T00:00:00,156124507.79885778,51465.49428571428
2021-03-04T00:00:00,155507414.88265678,47572.83285714284
2021-03-08T00:00:00,153716875.77834648,48536.852857142854
2021-03-12T00:00:00,156136781.5795335,51505.66571428572
2021-03-16T00:00:00,155208209.19067955,56941.08000000001
2021-03-20T00:00:00,157420617.6912914,58121.640000000014
2021-03-24T00:00:00,163071647.62666968,57318.33
2021-03-28T00:00:00,165991691.17627487,54739.71571428572
2021-04-01T00:00:00,164904748.39027494,55286.294285714284
2021-04-05T00:00:00,161456161.73214817,57960.212857142855
2021-04-09T00:00:00,165551986.66394418,58010.444285714286
2021-04-13T00:00:00,169731988.62621096,58415.98142857144
2021-04-17T00:00:00,164404171.24372485,61064.625714285714
2021-04-21T00:00:00,141475361.29820356,60467.69714285714
2021-04-25T00:00:00,146198398.6654064,55034.75142857143
2021-04-29T00:00:00,161102931.86268154,52143.97857142859
2021-05-03T00:00:00,161148443.24309963,54618.00714285717
2021-05-07T00:00:00,174317609.61284044,56253.85857142859
2021-05-11T00:00:00,178111649.39833212,56992.32142857144
2021-05-15T00:00:00,179327827.5416231,55133.23857142858
2021-05-19T00:00:00,160228122.6394345,48879.477142857155
2021-05-23T00:00:00,145139314.78922963,42102.227142857155
2021-05-27T00:00:00,147273716.47730657,37778.69571428572
2021-05-31T00:00:00,150291730.25568312,37134.60714285715
2021-06-04T00:00:00,152576708.79698002,36575.08428571429
2021-06-08T00:00:00,149469765.97834077,36997.01000000001
2021-06-12T00:00:00,136316426.57224676,35605.721428571436
2021-06-16T00:00:00,129079871.70711638,37127.68857142858
2021-06-20T00:00:00,125129902.82716675,38199.83000000001
2021-06-24T00:00:00,107438013.15359342,35339.05571428572
2021-06-28T00:00:00,93424359.26399422,33120.28857142858
2021-07-02T00:00:00,87620724.82486732,34062.43571428572
2021-07-06T00:00:00,90819460.5560025,34677.67857142857
2021-07-10T00:00:00,93863737.36277008,34075.79571428573
2021-07-14T00:00:00,95980639.43968119,33663.92000000001
2021-07-18T00:00:00,99739876.71501002,32794.63857142858
2021-07-22T00:00:00,99339154.93317963,31412.111428571432
2021-07-26T00:00:00,100202533.56699017,32095.227142857148
2021-07-30T00:00:00,104766021.04533179,36035.81142857144
2021-08-03T00:00:00,110044864.56184068,40086.60285714287
2021-08-07T00:00:00,110879828.6605434,40262.535714285725
2021-08-11T00:00:00,112931775.01662979,42339.97428571429
2021-08-15T00:00:00,113148142.62570126,45465.04571428571
2021-08-19T00:00:00,120921930.17512046,46094.705714285716
2021-08-23T00:00:00,123285733.74419065,46779.97285714286
2021-08-27T00:00:00,130281220.63377182,48652.89571428572
2021-08-31T00:00:00,126249208.85984442,48566.322857142855
2021-09-04T00:00:00,126343503.19093786,48454.81428571429
2021-09-08T00:00:00,134849798.45527822,49968.11571428571
2021-09-12T00:00:00,134785023.05355358,48356.79428571428
2021-09-16T00:00:00,135613291.5168814,45791.33428571427
2021-09-20T00:00:00,139536530.42286643,47082.30857142856
2021-09-24T00:00:00,138478902.6366636,45383.32571428571
2021-09-28T00:00:00,135671902.50093386,42964.96428571428
2021-10-02T00:00:00,139093368.32525793,42467.107142857145
2021-10-06T00:00:00,149322865.8079602,45644.032857142854
2021-10-10T00:00:00,141032003.29279727,51370.67999999999
2021-10-14T00:00:00,143953931.02118438,55207.92
2021-10-18T00:00:00,144095200.82591566,57959.29571428573
2021-10-22T00:00:00,146706531.95442763,61979.52714285716
2021-10-26T00:00:00,155450273.37765488,62505.167142857164
2021-10-30T00:00:00,158445186.90144458,60771.40142857145
2021-11-03T00:00:00,157794954.1316647,60836.30857142859
2021-11-07T00:00:00,161379304.1724988,61834.90714285716
2021-11-11T00:00:00,160119462.62869972,63542.11714285716
2021-11-15T00:00:00,161753319.40522012,65185.80714285716
2021-11-19T00:00:00,166034035.61704582,63303.0042857143
2021-11-23T00:00:00,160697678.0375032,59675.157142857155
2021-11-27T00:00:00,156028106.23080215,58095.66142857144
2021-12-01T00:00:00,156604715.81627068,56744.47142857144
2021-12-05T00:00:00,163660443.37358636,56342.82142857143
2021-12-09T00:00:00,180504950.22444588,52470.9157142857
2021-12-13T00:00:00,178175819.66922092,49325.4857142857
2021-12-17T00:00:00,167608149.67714044,48332.657142857126
2021-12-21T00:00:00,167354661.33481413,47345.6257142857
2021-12-25T00:00:00,177492161.35406885,47855.02857142856
2021-12-29T00:00:00,174504391.82377318,50161.11857142856
2022-01-02T00:00:00,172541536.0396956,48479.56428571428
2022-01-06T00:00:00,178402087.71337157,46741.079999999994
2022-01-10T00:00:00,173918482.77553186,44201.22999999998
2022-01-14T00:00:00,180388266.9640267,42386.05857142856
2022-01-18T00:00:00,196787486.4667856,42913.30714285713
2022-01-22T00:00:00,194677774.9425014,42338.63428571426
2022-01-26T00:00:00,193426935.944432,38469.3814285714
2022-01-30T00:00:00,190530143.19354087,36674.33999999996
2022-02-03T00:00:00,194881874.36876577,37872.44857142853
2022-02-07T00:00:00,189714890.12531072,38886.4071428571
2022-02-11T00:00:00,186124754.03821912,42132.514285714235
2022-02-15T00:00:00,204894779.78420892,43235.34714285709
2022-02-19T00:00:00,214208889.76468316,42626.194285714235
2022-02-23T00:00:00,199456437.81206557,40656.24285714281
2022-02-27T00:00:00,190663500.7762656,38378.49714285708
2022-03-03T00:00:00,194437049.22912914,39901.788571428515
2022-03-07T00:00:00,195932902.69002447,41469.97571428565
2022-03-11T00:00:00,190169638.8688875,39736.435714285646
2022-03-15T00:00:00,201321562.13589022,39078.66142857135
2022-03-19T00:00:00,206471636.31633133,39493.12714285706
2022-03-23T00:00:00,208395817.76893058,41105.85857142849
2022-03-27T00:00:00,206846724.75080982,42594.44142857134
2022-03-31T00:00:00,201972862.24490002,45315.53142857134
2022-04-04T00:00:00,198753839.0238673,46590.53857142847
2022-04-08T00:00:00,204228810.4583426,45626.037142857036
2022-04-12T00:00:00,202401713.7445006,43712.11142857132
2022-04-16T00:00:00,206231769.11502814,41127.091428571315
2022-04-20T00:00:00,199524647.62317377,40380.32999999988
2022-04-24T00:00:00,210467774.84148735,40575.81428571416
2022-04-28T00:00:00,223151676.63397452,39871.381428571294
2022-05-02T00:00:00,222006266.70131093,39047.14285714272
2022-05-06T00:00:00,228510725.356766,38630.817142857
2022-05-10T00:00:00,221740037.19804692,36861.32714285699
2022-05-14T00:00:00,224124125.5157015,32083.5128571427
2022-05-18T00:00:00,223260239.8804358,29894.62999999984
2022-05-22T00:00:00,211276091.81528312,29960.451428571276
2022-05-26T00:00:00,206058024.37013593,29504.014285714133
2022-05-30T00:00:00,215833901.04285884,29327.561428571276
2022-06-03T00:00:00,211466209.09599966,29929.699999999844
2022-06-07T00:00:00,209130738.91522053,30447.268571428423
2022-06-11T00:00:00,227821656.20112506,30309.814285714132
2022-06-15T00:00:00,221500575.0286112,28259.852857142698
2022-06-19T00:00:00,205163245.12925556,23270.61857142842
2022-06-23T00:00:00,199225068.13131642,20591.38714285699
2022-06-27T00:00:00,207951469.1457251,20792.03571428556
2022-07-01T00:00:00,214611394.16241762,20832.73857142842
2022-07-05T00:00:00,217971259.43306217,19807.269999999848
2022-07-09T00:00:00,206150660.12152672,20044.261428571273
2022-07-13T00:00:00,205957831.904181,20908.70428571413
2022-07-17T00:00:00,196883286.89226907,20469.244285714125
2022-07-21T00:00:00,193156789.3485668,21362.98571428555
2022-07-25T00:00:00,197350729.22169366,22606.52714285698
2022-07-29T00:00:00,206687410.85855284,22343.3728571427
2022-08-02T00:00:00,202360937.93858317,22877.295714285552
2022-08-06T00:00:00,197183586.16781405,23212.477142856977
2022-08-10T00:00:00,206144749.20955777,23093.54571428555
2022-08-14T00:00:00,205483680.97677416,23632.30571428555
2022-08-18T00:00:00,197680503.21816245,24152.367142856983
2022-08-22T00:00:00,208582028.04018536,22972.428571428405
2022-08-26T00:00:00,220465112.44846842,21572.072857142688
2022-08-30T00:00:00,224693210.49542537,20816.195714285546
2022-09-03T00:00:00,215980538.09018245,20011.51571428555
2022-09-07T00:00:00,224333620.00115603,19934.798571428404
2022-09-11T00:00:00,228781814.1653135,19774.4785714284
2022-09-15T00:00:00,227909608.2395609,20861.144285714116
2022-09-19T00:00:00,229154215.6133512,20597.764285714115
2022-09-23T00:00:00,228251773.53753558,19421.484285714116
2022-09-27T00:00:00,227341497.27218145,19051.17571428555
2022-10-01T00:00:00,233122853.25568995,19211.685714285555
2022-10-05T00:00:00,248825712.31721595,19379.81142857127
2022-10-09T00:00:00,257002609.49352965,19715.48142857127
2022-10-13T00:00:00,262255135.39905593,19530.124285714126
2022-10-17T00:00:00,265070008.45477676,19201.627142856978
2022-10-21T00:00:00,263004438.1173739,19271.718571428406
2022-10-25T00:00:00,259399942.9701245,19284.984285714123
2022-10-29T00:00:00,258550344.75599608,19777.678571428405
2022-11-02T00:00:00,273097232.38479,20529.67571428555
2022-11-06T00:00:00,266295960.31390437,20563.61285714269
2022-11-10T00:00:00,271032857.1749895,20409.518571428405
2022-11-14T00:00:00,269685404.6310329,18176.102857142694
2022-11-18T00:00:00,260021282.88318095,16821.564285714125
2022-11-22T00:00:00,263077533.68556604,16633.94714285698
2022-11-26T00:00:00,247324396.88041547,16397.88999999984
2022-11-30T00:00:00,238261667.55870083,16426.322857142695
2022-12-04T00:00:00,250069789.84960562,16678.39714285698
2022-12-08T00:00:00,257239076.82300544,17042.52714285698
2022-12-12T00:00:00,263954681.1342534,17070.601428571266
2022-12-16T00:00:00,254857873.67867735,17338.152857142697
2022-12-20T00:00:00,243778056.23455873,17186.42857142841
2022-12-24T00:00:00,240369602.33241248,16734.859999999837
2022-12-28T00:00:00,222004887.14039245,16842.47285714269
2023-01-01T00:00:00,253145844.16008553,16721.30285714269
2023-01-05T00:00:00,264405031.1669105,16607.298571428404
2023-01-09T00:00:00,267133266.33227512,16789.865714285548
2023-01-13T00:00:00,267778490.61341515,17200.334285714118
2023-01-17T00:00:00,272242215.3019266,19028.45285714269
2023-01-21T00:00:00,273639463.89835006,20837.9585714284
2023-01-25T00:00:00,265078737.9439779,22002.895714285543
2023-01-29T00:00:00,290972632.7884551,22889.91571428554
2023-02-02T00:00:00,280747934.8790267,23133.131428571254
2023-02-06T00:00:00,267153648.28598598,23381.51571428554
2023-02-10T00:00:00,282523366.54511696,23163.298571428397
2023-02-14T00:00:00,294461323.19596404,22295.01285714268
2023-02-18T00:00:00,313668486.01023257,22453.261428571248
2023-02-22T00:00:00,320056137.2255336,24062.44285714268
2023-02-26T00:00:00,288927289.7839041,24218.444285714108
2023-03-02T00:00:00,305670928.22058815,23527.124285714108
2023-03-06T00:00:00,325924657.8430554,23142.614285714102
2023-03-10T00:00:00,317975275.9444443,22414.51285714268
2023-03-14T00:00:00,323422660.6149441,21393.821428571253
2023-03-18T00:00:00,326910145.9649151,23071.168571428403
2023-03-22T00:00:00,320724523.52470857,26353.19714285697
2023-03-26T00:00:00,346428971.90105784,27734.08428571411
2023-03-30T00:00:00,349616995.90244436,27578.112857142685
2023-04-03T00:00:00,337314061.63141257,27964.222857142686
2023-04-07T00:00:00,340368391.95371956,28187.882857142686
2023-04-11T00:00:00,343508837.81362575,28058.54428571411
2023-04-15T00:00:00,344154263.0507898,29202.257142856968
2023-04-19T00:00:00,355376684.6720112,30158.525714285544
2023-04-23T00:00:00,345922409.1716323,29259.432857142685
2023-04-27T00:00:00,335159298.2415374,27937.928571428394
2023-05-01T00:00:00,331400506.74278486,28556.159999999825
2023-05-05T00:00:00,356071502.3734608,29013.05714285697
2023-05-09T00:00:00,329125648.8584445,28788.58142857126
2023-05-13T00:00:00,353864291.50160843,28119.638571428404
2023-05-17T00:00:00,368523409.5503263,27136.79428571412
2023-05-21T00:00:00,364266387.7410949,27008.801428571256
2023-05-25T00:00:00,355736219.95228237,27010.764285714115
2023-05-29T00:00:00,368765614.58851683,26746.75999999983
2023-06-02T00:00:00,370339843.966874,27259.325714285544
2023-06-06T00:00:00,363203583.73651445,27275.337142856966
2023-06-10T00:00:00,372934945.59678566,26757.227142856973
2023-06-14T00:00:00,392582250.04773825,26325.269999999833
2023-06-18T00:00:00,378488018.4713759,25805.79714285698
2023-06-22T00:00:00,368419038.6309715,26435.922857142694
2023-06-26T00:00:00,356894326.0199118,28950.11142857126
2023-06-30T00:00:00,356541797.3917007,30379.06999999984
2023-07-04T00:00:00,360073549.869672,30454.262857142698
2023-07-08T00:00:00,378364811.34726757,30575.37999999984
2023-07-12T00:00:00,397426916.8619112,30340.11428571412
2023-07-16T00:00:00,371046162.9459539,30524.391428571264
2023-07-20T00:00:00,381699875.58489335,30391.8028571427
2023-07-24T00:00:00,370214422.9594703,29948.675714285553
2023-07-28T00:00:00,366457383.57451195,29616.50999999984
2023-08-01T00:00:00,374474814.71514183,29273.435714285555
2023-08-05T00:00:00,373837432.7069746,29314.12999999984
2023-08-09T00:00:00,377181902.78089386,29195.02857142842
2023-08-13T00:00:00,387449251.41340274,29348.28571428556
2023-08-17T00:00:00,403678843.1736723,29382.64999999984
2023-08-21T00:00:00,410003765.14044875,27909.715714285554
2023-08-25T00:00:00,390877693.99169225,26225.264285714125
2023-08-29T00:00:00,365279719.2438345,26128.157142856984
2023-09-02T00:00:00,375244162.2989175,26459.75571428556
2023-09-06T00:00:00,396573830.47169816,26345.205714285556
2023-09-10T00:00:00,387656810.6259131,25905.301428571267
2023-09-14T00:00:00,393774544.8476787,25804.04857142842
2023-09-18T00:00:00,423384544.8020452,26109.94571428556
2023-09-22T00:00:00,419482555.6757231,26766.62714285698
2023-09-26T00:00:00,403942795.9953831,26729.19428571413
2023-09-30T00:00:00,419020837.49819005,26471.462857142702
2023-10-04T00:00:00,426071277.7067796,26999.341428571268
2023-10-08T00:00:00,433019247.54510784,27582.56428571413
2023-10-12T00:00:00,446959351.0513548,27721.195714285557
2023-10-16T00:00:00,445331083.83441,27180.442857142705
2023-10-20T00:00:00,436771211.65719944,27558.70285714271
2023-10-24T00:00:00,451177082.1433535,29082.927142856995
2023-10-28T00:00:00,448143230.4862897,32172.659999999858
2023-11-01T00:00:00,460578041.84067166,34226.96857142842
2023-11-05T00:00:00,461884981.20968914,34699.70571428556
2023-11-09T00:00:00,452453934.1324495,35102.78714285699
2023-11-13T00:00:00,456439922.3143614,36043.91999999984
2023-11-17T00:00:00,466501137.94128716,36878.849999999846
2023-11-21T00:00:00,491005450.2378312,36671.27142857127
2023-11-25T00:00:00,502488271.805601,36946.06999999984
2023-11-29T00:00:00,487029953.91810226,37253.302857142706
2023-12-03T00:00:00,477244836.89150006,37804.05857142842
2023-12-07T00:00:00,494182411.584665,39970.245714285564
2023-12-11T00:00:00,470499126.25082844,42996.5628571427
2023-12-15T00:00:00,493313217.742293,42937.71285714271
2023-12-19T00:00:00,512384571.9871302,42017.221428571276
2023-12-23T00:00:00,521466014.96078265,42364.51857142842
2023-12-27T00:00:00,529031189.00304127,43446.51285714271
2023-12-31T00:00:00,508792533.0939955,43005.199999999844
2024-01-04T00:00:00,520042217.2428075,43099.931428571275
2024-01-08T00:00:00,518595022.6300483,43798.10142857127
2024-01-12T00:00:00,506636518.0325392,45148.578571428414
2024-01-16T00:00:00,533845476.3193106,44788.298571428415
2024-01-20T00:00:00,478745553.73912853,42433.272857142714
2024-01-24T00:00:00,505457101.0678798,41639.992857142715
2024-01-28T00:00:00,553492748.2877595,40626.55142857129
2024-02-01T00:00:00,546998699.7970188,41741.13857142843
2024-02-05T00:00:00,552390750.651993,42864.16571428558
2024-02-09T00:00:00,595232024.8644879,43123.55714285701
2024-02-13T00:00:00,590866111.126395,45510.47571428558
2024-02-17T00:00:00,562089926.3459789,49524.758571428436
2024-02-21T00:00:00,556818212.1261536,51610.739999999874
2024-02-25T00:00:00,561217332.7079213,51679.932857142725
2024-02-29T00:00:00,583851744.2649109,52683.74999999987
2024-03-04T00:00:00,561495738.6159471,58782.03571428558
2024-03-08T00:00:00,592896959.1063117,63869.88285714272
2024-03-12T00:00:00,629440820.9292109,67292.55999999985
2024-03-16T00:00:00,596376028.9501756,70561.77428571414
2024-03-20T00:00:00,601016901.1328033,69533.937142857
2024-03-24T00:00:00,600326416.1262681,65761.2814285713
2024-03-28T00:00:00,586018735.9008158,66915.67714285702
2024-04-01T00:00:00,587131213.213699,69563.23428571415
2024-04-05T00:00:00,598588166.7988552,68968.3614285713
2024-04-09T00:00:00,625152730.414189,67971.24285714274
2024-04-13T00:00:00,625213980.2685559,69646.55571428561
2024-04-17T00:00:00,638555826.9029995,67161.18428571419
2024-04-21T00:00:00,629436131.3670883,63660.40571428562
2024-04-25T00:00:00,639515626.3898393,64544.90857142848
2024-04-29T00:00:00,640154800.4004605,64876.98142857133
2024-05-03T00:00:00,601267922.1815729,62496.1499999999
2024-05-07T00:00:00,593759894.0169747,61808.11142857134
2024-05-11T00:00:00,580624795.8773992,62937.46571428562
2024-05-15T00:00:00,591707059.4587656,61790.69714285706
2024-05-19T00:00:00,579256277.1083864,63608.11999999993
2024-05-23T00:00:00,605827665.9665693,67615.15857142849
2024-05-27T00:00:00,657252698.805815,68961.28999999992
2024-05-31T00:00:00,602228334.7644863,68495.8442857142
2024-06-04T00:00:00,587247530.417111,68078.08714285707
2024-06-08T00:00:00,580159912.4300205,69165.82285714278
2024-06-12T00:00:00,586377106.6864693,70027.03714285707
2024-06-16T00:00:00,575486715.1570948,68111.32999999991
2024-06-20T00:00:00,593916558.3077871,66492.1599999999
2024-06-24T00:00:00,574155128.2644798,65200.47714285705
2024-06-28T00:00:00,553216140.0523161,62746.75714285705
2024-07-02T00:00:00,552027705.8094538,61194.57857142847
2024-07-06T00:00:00,575086059.9167141,60845.207142857056
2024-07-10T00:00:00,587610577.8570688,58096.7242857142
2024-07-14T00:00:00,583726618.8508646,57404.912857142765
2024-07-18T00:00:00,604049789.3330997,60424.1399999999
2024-07-22T00:00:00,612965536.6451161,64669.442857142756
2024-07-26T00:00:00,659570263.6002624,66411.05857142847
2024-07-30T00:00:00,647917078.7309998,66952.15142857132
2024-08-03T00:00:00,625301879.0478894,66696.46857142846
2024-08-07T00:00:00,627805171.0713837,61468.789999999884
2024-08-11T00:00:00,611028059.2675912,58066.6299999999
2024-08-15T00:00:00,622590682.3052443,59603.198571428475
2024-08-19T00:00:00,643576050.4386795,59041.15571428561
2024-08-23T00:00:00,637890023.034773,59144.29999999989
2024-08-27T00:00:00,642208427.4460336,61805.341428571315
2024-08-31T00:00:00,621342327.9273863,61903.22142857132
2024-09-04T00:00:00,659041095.3470981,58913.368571428466
2024-09-08T00:00:00,677950548.4504986,57274.16285714276
2024-09-12T00:00:00,647069570.4216756,55970.17999999989
2024-09-16T00:00:00,621785862.8080198,57942.978571428466
2024-09-20T00:00:00,623882733.2714927,59718.05285714276
2024-09-24T00:00:00,639677232.8479862,61905.41857142847
2024-09-28T00:00:00,631335288.0889965,63735.029999999904
2024-10-02T00:00:00,624349707.7769285,64744.581428571335
2024-10-06T00:00:00,679280632.2757124,62734.958571428484
2024-10-10T00:00:00,679804647.1560799,61816.545714285625
2024-10-14T00:00:00,660813853.9138254,61952.428571428485
2024-10-18T00:00:00,662838786.6576455,64207.9542857142
2024-10-22T00:00:00,723631693.1262462,67700.43857142849
2024-10-26T00:00:00,735533947.4653145,67907.64999999992
2024-10-30T00:00:00,735808128.6965324,67670.97714285707
2024-11-03T00:00:00,752114126.008367,69945.2785714285
2024-11-07T00:00:00,710488349.7368287,69611.13714285706
2024-11-11T00:00:00,735986485.0889133,72970.51571428563
2024-11-15T00:00:00,704517513.8373157,82417.54285714279
2024-11-19T00:00:00,739298247.4005176,89425.3028571428
2024-11-23T00:00:00,776725605.830393,92460.13285714279
2024-11-27T00:00:00,736574529.3775684,96151.42999999992
2024-12-01T00:00:00,727857671.0417393,95700.49428571423
2024-12-05T00:00:00,742090867.7091497,96376.33571428564
2024-12-09T00:00:00,744435524.1953032,97817.57999999993
2024-12-13T00:00:00,763811231.2095883,99053.22285714277
2024-12-17T00:00:00,785328466.2456628,100366.55571428561
2024-12-21T00:00:00,776113526.7175801,102436.75571428562
2024-12-25T00:00:00,779147380.7705716,98369.93571428563
2024-12-29T00:00:00,777606040.749265,96398.4485714285
2025-01-02T00:00:00,788468393.0213293,94839.8885714285
2025-01-06T00:00:00,812357576.4028394,95317.52571428564
2025-01-10T00:00:00,772597272.7593223,97965.17857142848
2025-01-14T00:00:00,773363115.677434,95780.46285714276
2025-01-18T00:00:00,790112290.1479307,96466.31857142846
2025-01-22T00:00:00,770251914.7085882,101255.32999999991
2025-01-26T00:00:00,775742508.805289,103752.66571428564
2025-01-30T00:00:00,777188657.8831193,103311.74999999993
2025-02-03T00:00:00,832661159.2015295,102499.96142857136
2025-02-07T00:00:00,808395661.2726393,100193.3428571428
2025-02-11T00:00:00,804391861.210578,97425.51142857138
2025-02-15T00:00:00,808839653.6835066,96747.67428571424
2025-02-19T00:00:00,835888524.3296427,96756.2428571428
2025-02-23T00:00:00,771838870.1860522,96595.69571428564
